file_name,label
picture-009375.jpg,PEDESTRIAN_CROSSING
picture-511184.jpg,PEDESTRIAN_CROSSING
picture-616769.jpg,PEDESTRIAN_CROSSING
picture-963518.jpg,PEDESTRIAN_CROSSING
picture-486207.jpg,PEDESTRIAN_CROSSING
picture-647340.jpg,PEDESTRIAN_CROSSING
picture-970370.jpg,PEDESTRIAN_CROSSING
picture-114418.jpg,PEDESTRIAN_CROSSING
picture-081959.jpg,PEDESTRIAN_CROSSING
picture-364303.jpg,PEDESTRIAN_CROSSING
picture-530542.jpg,PEDESTRIAN_CROSSING
picture-211594.jpg,PRIORITY_ROAD
picture-721260.jpg,PEDESTRIAN_CROSSING
picture-204985.jpg,PRIORITY_ROAD
picture-952743.jpg,PEDESTRIAN_CROSSING
picture-451498.jpg,PRIORITY_ROAD
picture-593928.jpg,PEDESTRIAN_CROSSING
picture-159276.jpg,PRIORITY_ROAD
picture-471044.jpg,PEDESTRIAN_CROSSING
picture-394034.jpg,PEDESTRIAN_CROSSING
picture-424101.jpg,PEDESTRIAN_CROSSING
picture-858004.jpg,PRIORITY_ROAD
picture-572855.jpg,PRIORITY_ROAD
picture-461210.jpg,PASS_RIGHT_SIDE
picture-251863.jpg,PASS_RIGHT_SIDE
picture-041818.jpg,PASS_RIGHT_SIDE
picture-051218.jpg,PASS_RIGHT_SIDE
picture-980676.jpg,PEDESTRIAN_CROSSING
picture-730346.jpg,PEDESTRIAN_CROSSING
picture-557885.jpg,PEDESTRIAN_CROSSING
picture-772229.jpg,PASS_RIGHT_SIDE
picture-958475.jpg,PASS_RIGHT_SIDE
picture-549735.jpg,PEDESTRIAN_CROSSING
picture-325363.jpg,PASS_RIGHT_SIDE
picture-426561.jpg,PRIORITY_ROAD
picture-138615.jpg,PRIORITY_ROAD
picture-172915.jpg,PEDESTRIAN_CROSSING
picture-341139.jpg,PRIORITY_ROAD
picture-803583.jpg,PRIORITY_ROAD
picture-873754.jpg,PASS_RIGHT_SIDE
picture-352517.jpg,PEDESTRIAN_CROSSING
picture-902929.jpg,PEDESTRIAN_CROSSING
picture-310106.jpg,PRIORITY_ROAD
picture-982588.jpg,PEDESTRIAN_CROSSING
picture-065443.jpg,PEDESTRIAN_CROSSING
picture-201599.jpg,PEDESTRIAN_CROSSING
picture-538587.jpg,PEDESTRIAN_CROSSING
picture-344946.jpg,PRIORITY_ROAD
picture-757845.jpg,PASS_RIGHT_SIDE
picture-318909.jpg,PEDESTRIAN_CROSSING
picture-389664.jpg,PRIORITY_ROAD
picture-875142.jpg,PEDESTRIAN_CROSSING
picture-084832.jpg,PASS_RIGHT_SIDE
picture-325838.jpg,PEDESTRIAN_CROSSING
picture-761836.jpg,OTHER
picture-692198.jpg,PRIORITY_ROAD
picture-320389.jpg,PRIORITY_ROAD
picture-101191.jpg,PASS_RIGHT_SIDE
picture-054002.jpg,PRIORITY_ROAD
picture-168651.jpg,PRIORITY_ROAD
picture-972411.jpg,PASS_RIGHT_SIDE
picture-829407.jpg,PASS_RIGHT_SIDE
picture-856572.jpg,PEDESTRIAN_CROSSING
picture-670844.jpg,OTHER
picture-727612.jpg,PRIORITY_ROAD
picture-320081.jpg,PEDESTRIAN_CROSSING
picture-715948.jpg,PRIORITY_ROAD
picture-213883.jpg,PEDESTRIAN_CROSSING
picture-920484.jpg,PRIORITY_ROAD
picture-258882.jpg,PASS_RIGHT_SIDE
picture-713895.jpg,OTHER
picture-570137.jpg,PRIORITY_ROAD
picture-175200.jpg,PEDESTRIAN_CROSSING
picture-251920.jpg,OTHER
picture-889447.jpg,PEDESTRIAN_CROSSING
picture-255784.jpg,PEDESTRIAN_CROSSING
picture-228294.jpg,PRIORITY_ROAD
picture-504175.jpg,PASS_RIGHT_SIDE
picture-755764.jpg,PEDESTRIAN_CROSSING
picture-713898.jpg,PRIORITY_ROAD
picture-131836.jpg,PEDESTRIAN_CROSSING
picture-913058.jpg,PEDESTRIAN_CROSSING
picture-883276.jpg,PASS_RIGHT_SIDE
picture-159160.jpg,PASS_RIGHT_SIDE
picture-671711.jpg,PRIORITY_ROAD
picture-471026.jpg,OTHER
picture-348618.jpg,PEDESTRIAN_CROSSING
picture-820202.jpg,PRIORITY_ROAD
picture-451063.jpg,PRIORITY_ROAD
picture-759664.jpg,PEDESTRIAN_CROSSING
picture-563907.jpg,OTHER
picture-688989.jpg,OTHER
picture-129811.jpg,PEDESTRIAN_CROSSING
picture-953646.jpg,PEDESTRIAN_CROSSING
picture-404501.jpg,PASS_RIGHT_SIDE
picture-917149.jpg,PEDESTRIAN_CROSSING
picture-865467.jpg,PEDESTRIAN_CROSSING
picture-963024.jpg,PEDESTRIAN_CROSSING
picture-608764.jpg,PRIORITY_ROAD
picture-166135.jpg,PASS_RIGHT_SIDE
picture-531254.jpg,PRIORITY_ROAD
picture-905625.jpg,PASS_RIGHT_SIDE
picture-330591.jpg,OTHER
picture-283239.jpg,PRIORITY_ROAD
picture-281977.jpg,PEDESTRIAN_CROSSING
picture-005603.jpg,OTHER
picture-091253.jpg,PEDESTRIAN_CROSSING
picture-733154.jpg,PRIORITY_ROAD
picture-902515.jpg,PASS_RIGHT_SIDE
picture-315051.jpg,PRIORITY_ROAD
picture-500787.jpg,PRIORITY_ROAD
picture-295900.jpg,PRIORITY_ROAD
picture-462007.jpg,OTHER
picture-808431.jpg,PRIORITY_ROAD
picture-460870.jpg,PASS_RIGHT_SIDE
picture-475313.jpg,PASS_RIGHT_SIDE
picture-161694.jpg,OTHER
picture-288326.jpg,PEDESTRIAN_CROSSING
picture-291054.jpg,PRIORITY_ROAD
picture-417063.jpg,PEDESTRIAN_CROSSING
picture-293200.jpg,PASS_RIGHT_SIDE
picture-991761.jpg,OTHER
picture-067409.jpg,PEDESTRIAN_CROSSING
picture-224080.jpg,OTHER
picture-611776.jpg,PEDESTRIAN_CROSSING
picture-837431.jpg,PEDESTRIAN_CROSSING
picture-463754.jpg,PASS_RIGHT_SIDE
picture-339529.jpg,PRIORITY_ROAD
picture-102895.jpg,PEDESTRIAN_CROSSING
picture-093092.jpg,PEDESTRIAN_CROSSING
picture-746173.jpg,PASS_RIGHT_SIDE
picture-791258.jpg,PASS_RIGHT_SIDE
picture-598621.jpg,PEDESTRIAN_CROSSING
picture-094470.jpg,PRIORITY_ROAD
picture-552152.jpg,PEDESTRIAN_CROSSING
picture-962041.jpg,PEDESTRIAN_CROSSING
picture-588023.jpg,PEDESTRIAN_CROSSING
picture-889887.jpg,OTHER
picture-759752.jpg,PRIORITY_ROAD
picture-726129.jpg,PEDESTRIAN_CROSSING
picture-629110.jpg,PRIORITY_ROAD
picture-432940.jpg,PRIORITY_ROAD
picture-955993.jpg,OTHER
picture-175205.jpg,PEDESTRIAN_CROSSING
picture-841865.jpg,OTHER
picture-236668.jpg,PRIORITY_ROAD
picture-234787.jpg,PASS_RIGHT_SIDE
picture-793684.jpg,OTHER
picture-926224.jpg,OTHER
picture-663296.jpg,PASS_RIGHT_SIDE
picture-723791.jpg,PRIORITY_ROAD
picture-437048.jpg,PEDESTRIAN_CROSSING
picture-671712.jpg,OTHER
picture-182055.jpg,PRIORITY_ROAD
picture-677306.jpg,PRIORITY_ROAD
picture-507764.jpg,PEDESTRIAN_CROSSING
picture-597135.jpg,PRIORITY_ROAD
picture-314050.jpg,PRIORITY_ROAD
picture-874942.jpg,OTHER
picture-648683.jpg,PEDESTRIAN_CROSSING
picture-968238.jpg,PRIORITY_ROAD
picture-527844.jpg,OTHER
picture-202611.jpg,PASS_RIGHT_SIDE
picture-416193.jpg,PRIORITY_ROAD
picture-133149.jpg,PEDESTRIAN_CROSSING
picture-472715.jpg,PRIORITY_ROAD
picture-204804.jpg,PASS_RIGHT_SIDE
picture-453901.jpg,PEDESTRIAN_CROSSING
picture-616618.jpg,OTHER
picture-331067.jpg,PASS_RIGHT_SIDE
picture-384046.jpg,PRIORITY_ROAD
picture-071931.jpg,PEDESTRIAN_CROSSING
picture-735137.jpg,PEDESTRIAN_CROSSING
picture-104177.jpg,PASS_RIGHT_SIDE
picture-901826.jpg,OTHER
picture-665811.jpg,PEDESTRIAN_CROSSING
picture-245706.jpg,PRIORITY_ROAD
picture-280607.jpg,PEDESTRIAN_CROSSING
picture-631279.jpg,PEDESTRIAN_CROSSING
picture-919185.jpg,PEDESTRIAN_CROSSING
picture-429749.jpg,PASS_RIGHT_SIDE
picture-359042.jpg,PEDESTRIAN_CROSSING
picture-967690.jpg,PEDESTRIAN_CROSSING
picture-692588.jpg,PRIORITY_ROAD
picture-903985.jpg,PEDESTRIAN_CROSSING
picture-472457.jpg,PRIORITY_ROAD
picture-526346.jpg,PEDESTRIAN_CROSSING
picture-953166.jpg,PRIORITY_ROAD
picture-943422.jpg,PEDESTRIAN_CROSSING
picture-743438.jpg,PEDESTRIAN_CROSSING
picture-305368.jpg,PEDESTRIAN_CROSSING
picture-358582.jpg,PASS_RIGHT_SIDE
picture-127544.jpg,OTHER
picture-725440.jpg,PASS_RIGHT_SIDE
picture-999319.jpg,PEDESTRIAN_CROSSING
picture-299284.jpg,OTHER
picture-587264.jpg,PASS_RIGHT_SIDE
picture-608111.jpg,PRIORITY_ROAD
picture-509581.jpg,PRIORITY_ROAD
picture-052457.jpg,PRIORITY_ROAD
picture-364273.jpg,PRIORITY_ROAD
picture-449712.jpg,PRIORITY_ROAD
picture-780774.jpg,PEDESTRIAN_CROSSING
picture-885489.jpg,OTHER
picture-397764.jpg,OTHER
picture-042422.jpg,PASS_RIGHT_SIDE
picture-836407.jpg,PASS_RIGHT_SIDE
picture-148258.jpg,PEDESTRIAN_CROSSING
picture-108475.jpg,PRIORITY_ROAD
picture-427183.jpg,OTHER
picture-187759.jpg,OTHER
picture-783565.jpg,PASS_RIGHT_SIDE
picture-658929.jpg,PASS_RIGHT_SIDE
picture-105472.jpg,PASS_RIGHT_SIDE
picture-209604.jpg,30_SIGN
picture-270522.jpg,OTHER
picture-843046.jpg,PASS_RIGHT_SIDE
picture-310713.jpg,PASS_RIGHT_SIDE
picture-779488.jpg,PRIORITY_ROAD
picture-560770.jpg,PRIORITY_ROAD
picture-292986.jpg,PEDESTRIAN_CROSSING
picture-463462.jpg,PASS_RIGHT_SIDE
picture-443331.jpg,PEDESTRIAN_CROSSING
picture-560522.jpg,PRIORITY_ROAD
picture-506845.jpg,OTHER
picture-779743.jpg,PRIORITY_ROAD
picture-622804.jpg,PASS_RIGHT_SIDE
picture-814680.jpg,PRIORITY_ROAD
picture-828594.jpg,110_SIGN
picture-669751.jpg,PEDESTRIAN_CROSSING
picture-741161.jpg,PASS_RIGHT_SIDE
picture-222387.jpg,PEDESTRIAN_CROSSING
picture-394288.jpg,70_SIGN
picture-209451.jpg,PRIORITY_ROAD
picture-378728.jpg,PEDESTRIAN_CROSSING
picture-354244.jpg,PRIORITY_ROAD
picture-706838.jpg,PASS_RIGHT_SIDE
picture-311463.jpg,70_SIGN
picture-855929.jpg,PEDESTRIAN_CROSSING
picture-555940.jpg,PEDESTRIAN_CROSSING
picture-666918.jpg,70_SIGN
picture-561100.jpg,PEDESTRIAN_CROSSING
picture-559371.jpg,PEDESTRIAN_CROSSING
picture-013483.jpg,70_SIGN
picture-896810.jpg,PEDESTRIAN_CROSSING
picture-293212.jpg,PRIORITY_ROAD
picture-708460.jpg,70_SIGN
picture-670541.jpg,30_SIGN
picture-254957.jpg,PASS_RIGHT_SIDE
picture-958903.jpg,PRIORITY_ROAD
picture-802372.jpg,PEDESTRIAN_CROSSING
picture-576089.jpg,PRIORITY_ROAD
picture-720339.jpg,PEDESTRIAN_CROSSING
picture-700639.jpg,PASS_RIGHT_SIDE
picture-292642.jpg,PASS_RIGHT_SIDE
picture-280964.jpg,OTHER
picture-150523.jpg,PRIORITY_ROAD
picture-988037.jpg,PASS_RIGHT_SIDE
picture-336186.jpg,PRIORITY_ROAD
picture-017468.jpg,PEDESTRIAN_CROSSING
picture-854312.jpg,OTHER
picture-175777.jpg,PASS_RIGHT_SIDE
picture-977262.jpg,30_SIGN
picture-988522.jpg,70_SIGN
picture-051651.jpg,OTHER
picture-434566.jpg,50_SIGN
picture-344940.jpg,PRIORITY_ROAD
picture-939461.jpg,70_SIGN
picture-590021.jpg,PEDESTRIAN_CROSSING
picture-160601.jpg,PASS_EITHER_SIDE
picture-237980.jpg,PEDESTRIAN_CROSSING
picture-133682.jpg,PEDESTRIAN_CROSSING
picture-848897.jpg,70_SIGN
picture-757349.jpg,PEDESTRIAN_CROSSING
picture-202021.jpg,PASS_RIGHT_SIDE
picture-510699.jpg,PASS_RIGHT_SIDE
picture-253014.jpg,OTHER
picture-454803.jpg,30_SIGN
picture-840539.jpg,PRIORITY_ROAD
picture-145929.jpg,PRIORITY_ROAD
picture-230621.jpg,PRIORITY_ROAD
picture-050684.jpg,PASS_RIGHT_SIDE
picture-301868.jpg,PRIORITY_ROAD
picture-884672.jpg,PEDESTRIAN_CROSSING
picture-969100.jpg,OTHER
picture-318121.jpg,OTHER
picture-379165.jpg,PEDESTRIAN_CROSSING
picture-487812.jpg,70_SIGN
picture-262923.jpg,PEDESTRIAN_CROSSING
picture-670630.jpg,PASS_RIGHT_SIDE
picture-773650.jpg,70_SIGN
picture-791272.jpg,PEDESTRIAN_CROSSING
picture-172575.jpg,70_SIGN
picture-673290.jpg,PASS_RIGHT_SIDE
picture-880053.jpg,PASS_RIGHT_SIDE
picture-840440.jpg,OTHER
picture-716764.jpg,PEDESTRIAN_CROSSING
picture-427532.jpg,PRIORITY_ROAD
picture-555256.jpg,PRIORITY_ROAD
picture-252402.jpg,PRIORITY_ROAD
picture-741041.jpg,PRIORITY_ROAD
picture-999909.jpg,PEDESTRIAN_CROSSING
picture-869651.jpg,OTHER
picture-537724.jpg,PRIORITY_ROAD
picture-784000.jpg,PEDESTRIAN_CROSSING
picture-633229.jpg,OTHER
picture-813587.jpg,PRIORITY_ROAD
picture-290799.jpg,PASS_RIGHT_SIDE
picture-735925.jpg,PEDESTRIAN_CROSSING
picture-685549.jpg,PEDESTRIAN_CROSSING
picture-432466.jpg,OTHER
picture-409584.jpg,PRIORITY_ROAD
picture-478564.jpg,PRIORITY_ROAD
picture-152808.jpg,PEDESTRIAN_CROSSING
picture-433085.jpg,PASS_RIGHT_SIDE
picture-205711.jpg,PRIORITY_ROAD
picture-282841.jpg,PEDESTRIAN_CROSSING
picture-275497.jpg,PASS_EITHER_SIDE
picture-052444.jpg,PEDESTRIAN_CROSSING
picture-233084.jpg,PASS_RIGHT_SIDE
picture-502796.jpg,PASS_EITHER_SIDE
picture-701122.jpg,OTHER
picture-318569.jpg,PEDESTRIAN_CROSSING
picture-778643.jpg,30_SIGN
picture-026726.jpg,OTHER
picture-062379.jpg,PEDESTRIAN_CROSSING
picture-398140.jpg,PEDESTRIAN_CROSSING
picture-965534.jpg,PEDESTRIAN_CROSSING
picture-863705.jpg,PEDESTRIAN_CROSSING
picture-489887.jpg,PEDESTRIAN_CROSSING
picture-072665.jpg,PEDESTRIAN_CROSSING
picture-901890.jpg,PEDESTRIAN_CROSSING
picture-955016.jpg,PEDESTRIAN_CROSSING
picture-792871.jpg,OTHER
picture-638614.jpg,70_SIGN
picture-112186.jpg,PEDESTRIAN_CROSSING
picture-120694.jpg,PEDESTRIAN_CROSSING
picture-632436.jpg,PEDESTRIAN_CROSSING
picture-446557.jpg,70_SIGN
picture-888366.jpg,50_SIGN
picture-317880.jpg,70_SIGN
picture-638664.jpg,PASS_RIGHT_SIDE
picture-116926.jpg,OTHER
picture-176549.jpg,PRIORITY_ROAD
picture-827983.jpg,PASS_RIGHT_SIDE
picture-258546.jpg,PRIORITY_ROAD
picture-026399.jpg,PEDESTRIAN_CROSSING
picture-130002.jpg,OTHER
picture-051379.jpg,50_SIGN
picture-104000.jpg,70_SIGN
picture-761027.jpg,PEDESTRIAN_CROSSING
picture-121107.jpg,70_SIGN
picture-651748.jpg,PASS_RIGHT_SIDE
picture-165536.jpg,PASS_RIGHT_SIDE
picture-257752.jpg,PEDESTRIAN_CROSSING
picture-072815.jpg,30_SIGN
picture-897633.jpg,PEDESTRIAN_CROSSING
picture-937960.jpg,50_SIGN
picture-443337.jpg,PRIORITY_ROAD
picture-455967.jpg,OTHER
picture-304958.jpg,PEDESTRIAN_CROSSING
picture-830298.jpg,PRIORITY_ROAD
picture-140753.jpg,70_SIGN
picture-426156.jpg,GIVE_WAY
picture-098219.jpg,GIVE_WAY
picture-790195.jpg,PEDESTRIAN_CROSSING
picture-520003.jpg,PRIORITY_ROAD
picture-860700.jpg,PASS_RIGHT_SIDE
picture-985424.jpg,OTHER
picture-359083.jpg,50_SIGN
picture-107451.jpg,70_SIGN
picture-029798.jpg,50_SIGN
picture-818008.jpg,30_SIGN
picture-856926.jpg,PEDESTRIAN_CROSSING
picture-478602.jpg,PEDESTRIAN_CROSSING
picture-653426.jpg,PRIORITY_ROAD
picture-383520.jpg,PRIORITY_ROAD
picture-966874.jpg,70_SIGN
picture-026552.jpg,PEDESTRIAN_CROSSING
picture-641716.jpg,50_SIGN
picture-596725.jpg,50_SIGN
picture-114022.jpg,70_SIGN
picture-114691.jpg,PRIORITY_ROAD
picture-724550.jpg,PEDESTRIAN_CROSSING
picture-346884.jpg,PEDESTRIAN_CROSSING
picture-154242.jpg,PRIORITY_ROAD
picture-105022.jpg,PRIORITY_ROAD
picture-228481.jpg,PASS_RIGHT_SIDE
picture-699691.jpg,PRIORITY_ROAD
picture-989550.jpg,PEDESTRIAN_CROSSING
picture-264573.jpg,PEDESTRIAN_CROSSING
picture-795312.jpg,70_SIGN
picture-128355.jpg,PEDESTRIAN_CROSSING
picture-574322.jpg,PEDESTRIAN_CROSSING
picture-410289.jpg,OTHER
picture-581139.jpg,PASS_RIGHT_SIDE
picture-592484.jpg,110_SIGN
picture-739683.jpg,PASS_RIGHT_SIDE
picture-205092.jpg,PEDESTRIAN_CROSSING
picture-035659.jpg,50_SIGN
picture-447192.jpg,PRIORITY_ROAD
picture-198078.jpg,PEDESTRIAN_CROSSING
picture-457577.jpg,PRIORITY_ROAD
picture-303282.jpg,70_SIGN
picture-806090.jpg,PEDESTRIAN_CROSSING
picture-332433.jpg,PRIORITY_ROAD
picture-492214.jpg,GIVE_WAY
picture-761049.jpg,PASS_RIGHT_SIDE
picture-292228.jpg,OTHER
picture-438687.jpg,PASS_RIGHT_SIDE
picture-691584.jpg,OTHER
picture-196551.jpg,PEDESTRIAN_CROSSING
picture-623765.jpg,OTHER
picture-503710.jpg,PEDESTRIAN_CROSSING
picture-681552.jpg,OTHER
picture-896189.jpg,70_SIGN
picture-724326.jpg,PASS_RIGHT_SIDE
picture-656946.jpg,PEDESTRIAN_CROSSING
picture-653038.jpg,PASS_RIGHT_SIDE
picture-068413.jpg,PASS_RIGHT_SIDE
picture-958852.jpg,70_SIGN
picture-434815.jpg,PRIORITY_ROAD
picture-488825.jpg,PRIORITY_ROAD
picture-803648.jpg,OTHER
picture-710318.jpg,PEDESTRIAN_CROSSING
picture-433349.jpg,PRIORITY_ROAD
picture-787182.jpg,GIVE_WAY
picture-136455.jpg,GIVE_WAY
picture-960533.jpg,PEDESTRIAN_CROSSING
picture-088608.jpg,70_SIGN
picture-349523.jpg,PEDESTRIAN_CROSSING
picture-889514.jpg,PEDESTRIAN_CROSSING
picture-527562.jpg,PEDESTRIAN_CROSSING
picture-354159.jpg,PEDESTRIAN_CROSSING
picture-946231.jpg,PEDESTRIAN_CROSSING
picture-196748.jpg,PEDESTRIAN_CROSSING
picture-118829.jpg,PASS_RIGHT_SIDE
picture-887851.jpg,PRIORITY_ROAD
picture-542982.jpg,GIVE_WAY
picture-206174.jpg,PRIORITY_ROAD
picture-834681.jpg,GIVE_WAY
picture-000824.jpg,OTHER
picture-552739.jpg,OTHER
picture-032028.jpg,PRIORITY_ROAD
picture-908262.jpg,PASS_RIGHT_SIDE
picture-749709.jpg,GIVE_WAY
picture-852765.jpg,PASS_RIGHT_SIDE
picture-439620.jpg,PASS_RIGHT_SIDE
picture-962652.jpg,70_SIGN
picture-162470.jpg,50_SIGN
picture-592772.jpg,PEDESTRIAN_CROSSING
picture-635236.jpg,PEDESTRIAN_CROSSING
picture-192008.jpg,PEDESTRIAN_CROSSING
picture-400675.jpg,50_SIGN
picture-026168.jpg,PEDESTRIAN_CROSSING
picture-944134.jpg,OTHER
picture-685060.jpg,PEDESTRIAN_CROSSING
picture-410724.jpg,PEDESTRIAN_CROSSING
picture-475874.jpg,OTHER
picture-112103.jpg,50_SIGN
picture-934133.jpg,PRIORITY_ROAD
picture-651902.jpg,PRIORITY_ROAD
picture-390458.jpg,PASS_RIGHT_SIDE
picture-990012.jpg,PEDESTRIAN_CROSSING
picture-338476.jpg,PEDESTRIAN_CROSSING
picture-632248.jpg,PRIORITY_ROAD
picture-815779.jpg,GIVE_WAY
picture-288470.jpg,PRIORITY_ROAD
picture-579097.jpg,PRIORITY_ROAD
picture-142428.jpg,GIVE_WAY
picture-674900.jpg,PEDESTRIAN_CROSSING
picture-702506.jpg,PRIORITY_ROAD
picture-919765.jpg,PRIORITY_ROAD
picture-283047.jpg,PRIORITY_ROAD
picture-389222.jpg,PEDESTRIAN_CROSSING
picture-584665.jpg,PEDESTRIAN_CROSSING
picture-351967.jpg,GIVE_WAY
picture-198057.jpg,PEDESTRIAN_CROSSING
picture-828383.jpg,PASS_RIGHT_SIDE
picture-667738.jpg,OTHER
picture-553076.jpg,PEDESTRIAN_CROSSING
picture-683358.jpg,PEDESTRIAN_CROSSING
picture-208043.jpg,PEDESTRIAN_CROSSING
picture-763102.jpg,PRIORITY_ROAD
picture-331504.jpg,PEDESTRIAN_CROSSING
picture-764880.jpg,PEDESTRIAN_CROSSING
picture-095872.jpg,50_SIGN
picture-901213.jpg,PRIORITY_ROAD
picture-444072.jpg,PASS_RIGHT_SIDE
picture-082329.jpg,PEDESTRIAN_CROSSING
picture-462340.jpg,PASS_RIGHT_SIDE
picture-955164.jpg,PASS_RIGHT_SIDE
picture-703993.jpg,PRIORITY_ROAD
picture-523712.jpg,PEDESTRIAN_CROSSING
picture-069370.jpg,PEDESTRIAN_CROSSING
picture-686994.jpg,OTHER
picture-175355.jpg,PEDESTRIAN_CROSSING
picture-262684.jpg,PEDESTRIAN_CROSSING
picture-857425.jpg,PEDESTRIAN_CROSSING
picture-777523.jpg,PRIORITY_ROAD
picture-151544.jpg,70_SIGN
picture-856195.jpg,PEDESTRIAN_CROSSING
picture-959455.jpg,OTHER
picture-815787.jpg,70_SIGN
picture-389202.jpg,70_SIGN
picture-443765.jpg,PEDESTRIAN_CROSSING
picture-298319.jpg,70_SIGN
picture-886727.jpg,GIVE_WAY
picture-255138.jpg,PRIORITY_ROAD
picture-848163.jpg,OTHER
picture-207455.jpg,70_SIGN
picture-266185.jpg,PEDESTRIAN_CROSSING
picture-466135.jpg,PRIORITY_ROAD
picture-260150.jpg,PASS_RIGHT_SIDE
picture-532595.jpg,PEDESTRIAN_CROSSING
picture-516141.jpg,PRIORITY_ROAD
picture-523813.jpg,PASS_RIGHT_SIDE
picture-438583.jpg,110_SIGN
picture-074982.jpg,OTHER
picture-698764.jpg,OTHER
picture-124748.jpg,110_SIGN
picture-716230.jpg,PEDESTRIAN_CROSSING
picture-323284.jpg,50_SIGN
picture-855843.jpg,GIVE_WAY
picture-377707.jpg,PEDESTRIAN_CROSSING
picture-873273.jpg,PEDESTRIAN_CROSSING
picture-125178.jpg,GIVE_WAY
picture-668402.jpg,OTHER
picture-549788.jpg,PRIORITY_ROAD
picture-249904.jpg,PEDESTRIAN_CROSSING
picture-176525.jpg,OTHER
picture-294501.jpg,PEDESTRIAN_CROSSING
picture-521632.jpg,PASS_RIGHT_SIDE
picture-405935.jpg,PASS_RIGHT_SIDE
picture-846062.jpg,GIVE_WAY
picture-408022.jpg,GIVE_WAY
picture-386310.jpg,110_SIGN
picture-195044.jpg,PASS_RIGHT_SIDE
picture-788415.jpg,70_SIGN
picture-511923.jpg,PRIORITY_ROAD
picture-378200.jpg,PASS_RIGHT_SIDE
picture-210947.jpg,50_SIGN
picture-976588.jpg,PEDESTRIAN_CROSSING
picture-408247.jpg,PRIORITY_ROAD
picture-587176.jpg,PEDESTRIAN_CROSSING
picture-511093.jpg,PEDESTRIAN_CROSSING
picture-983978.jpg,OTHER
picture-619794.jpg,PASS_RIGHT_SIDE
picture-571716.jpg,GIVE_WAY
picture-020452.jpg,PRIORITY_ROAD
picture-690018.jpg,50_SIGN
picture-426953.jpg,PRIORITY_ROAD
picture-144280.jpg,50_SIGN
picture-943873.jpg,GIVE_WAY
picture-905797.jpg,OTHER
picture-150176.jpg,PRIORITY_ROAD
picture-423751.jpg,OTHER
picture-379131.jpg,70_SIGN
picture-204420.jpg,PEDESTRIAN_CROSSING
picture-875780.jpg,PRIORITY_ROAD
picture-234989.jpg,OTHER
picture-007596.jpg,PEDESTRIAN_CROSSING
picture-148166.jpg,PASS_RIGHT_SIDE
picture-207924.jpg,PRIORITY_ROAD
picture-203780.jpg,OTHER
picture-180365.jpg,GIVE_WAY
picture-768586.jpg,PRIORITY_ROAD
picture-387173.jpg,50_SIGN
picture-401415.jpg,OTHER
picture-242803.jpg,GIVE_WAY
picture-765812.jpg,OTHER
picture-080730.jpg,PEDESTRIAN_CROSSING
picture-315640.jpg,PASS_RIGHT_SIDE
picture-755915.jpg,PRIORITY_ROAD
picture-812581.jpg,PRIORITY_ROAD
picture-908982.jpg,PEDESTRIAN_CROSSING
picture-963412.jpg,PASS_RIGHT_SIDE
picture-880403.jpg,PASS_RIGHT_SIDE
picture-614200.jpg,PEDESTRIAN_CROSSING
picture-815168.jpg,GIVE_WAY
picture-916252.jpg,PASS_RIGHT_SIDE
picture-321181.jpg,PASS_RIGHT_SIDE
picture-532912.jpg,GIVE_WAY
picture-982171.jpg,PEDESTRIAN_CROSSING
picture-301678.jpg,PEDESTRIAN_CROSSING
picture-718895.jpg,PEDESTRIAN_CROSSING
picture-786667.jpg,PEDESTRIAN_CROSSING
picture-597637.jpg,50_SIGN
picture-703519.jpg,PASS_RIGHT_SIDE
picture-389686.jpg,OTHER
picture-740692.jpg,OTHER
picture-089094.jpg,OTHER
picture-427531.jpg,PRIORITY_ROAD
picture-006492.jpg,PEDESTRIAN_CROSSING
picture-461839.jpg,PEDESTRIAN_CROSSING
picture-637897.jpg,OTHER
picture-605629.jpg,70_SIGN
picture-687591.jpg,PASS_RIGHT_SIDE
picture-647536.jpg,PASS_RIGHT_SIDE
picture-577231.jpg,PEDESTRIAN_CROSSING
picture-487123.jpg,70_SIGN
picture-451146.jpg,OTHER
picture-832609.jpg,PEDESTRIAN_CROSSING
picture-440612.jpg,PEDESTRIAN_CROSSING
picture-572757.jpg,PRIORITY_ROAD
picture-999839.jpg,OTHER
picture-957470.jpg,PEDESTRIAN_CROSSING
picture-332390.jpg,PEDESTRIAN_CROSSING
picture-282259.jpg,PASS_EITHER_SIDE
picture-286020.jpg,60_SIGN
picture-604099.jpg,PRIORITY_ROAD
picture-050981.jpg,GIVE_WAY
picture-325911.jpg,PRIORITY_ROAD
picture-305158.jpg,PRIORITY_ROAD
picture-655183.jpg,PASS_RIGHT_SIDE
picture-102502.jpg,OTHER
picture-977178.jpg,PRIORITY_ROAD
picture-083342.jpg,PRIORITY_ROAD
picture-702702.jpg,OTHER
picture-871544.jpg,PASS_RIGHT_SIDE
picture-503265.jpg,PEDESTRIAN_CROSSING
picture-172289.jpg,OTHER
picture-642932.jpg,GIVE_WAY
picture-315251.jpg,PEDESTRIAN_CROSSING
picture-134946.jpg,50_SIGN
picture-601021.jpg,70_SIGN
picture-042091.jpg,GIVE_WAY
picture-161719.jpg,OTHER
picture-787069.jpg,50_SIGN
picture-686082.jpg,OTHER
picture-316027.jpg,PEDESTRIAN_CROSSING
picture-653480.jpg,50_SIGN
picture-395669.jpg,50_SIGN
picture-029409.jpg,GIVE_WAY
picture-539002.jpg,PASS_RIGHT_SIDE
picture-791418.jpg,PASS_RIGHT_SIDE
picture-856184.jpg,GIVE_WAY
picture-936760.jpg,PASS_RIGHT_SIDE
picture-342738.jpg,PRIORITY_ROAD
picture-669184.jpg,PEDESTRIAN_CROSSING
picture-962748.jpg,GIVE_WAY
picture-234297.jpg,PASS_RIGHT_SIDE
picture-512414.jpg,GIVE_WAY
picture-439689.jpg,50_SIGN
picture-989558.jpg,OTHER
picture-706003.jpg,PEDESTRIAN_CROSSING
picture-193194.jpg,60_SIGN
picture-344607.jpg,OTHER
picture-630531.jpg,PRIORITY_ROAD
picture-096428.jpg,PASS_RIGHT_SIDE
picture-968785.jpg,PEDESTRIAN_CROSSING
picture-096450.jpg,PRIORITY_ROAD
picture-861181.jpg,PEDESTRIAN_CROSSING
picture-822185.jpg,PRIORITY_ROAD
picture-082427.jpg,PEDESTRIAN_CROSSING
picture-716988.jpg,PRIORITY_ROAD
picture-209367.jpg,70_SIGN
picture-626692.jpg,PRIORITY_ROAD
picture-419026.jpg,50_SIGN
picture-482384.jpg,PASS_RIGHT_SIDE
picture-044152.jpg,PRIORITY_ROAD
picture-698885.jpg,PRIORITY_ROAD
picture-928168.jpg,50_SIGN
picture-019997.jpg,OTHER
picture-720822.jpg,PRIORITY_ROAD
picture-167026.jpg,PASS_RIGHT_SIDE
picture-902949.jpg,PEDESTRIAN_CROSSING
picture-711414.jpg,PRIORITY_ROAD
picture-373177.jpg,60_SIGN
picture-857127.jpg,PASS_RIGHT_SIDE
picture-259502.jpg,70_SIGN
picture-635012.jpg,OTHER
picture-428210.jpg,OTHER
picture-121291.jpg,PASS_EITHER_SIDE
picture-950156.jpg,PEDESTRIAN_CROSSING
picture-571857.jpg,OTHER
picture-791118.jpg,50_SIGN
picture-530749.jpg,PRIORITY_ROAD
picture-808757.jpg,OTHER
picture-127099.jpg,PEDESTRIAN_CROSSING
picture-455023.jpg,PEDESTRIAN_CROSSING
picture-988323.jpg,PASS_RIGHT_SIDE
picture-314806.jpg,OTHER
picture-839321.jpg,PEDESTRIAN_CROSSING
picture-729077.jpg,PEDESTRIAN_CROSSING
picture-754953.jpg,OTHER
picture-924212.jpg,OTHER
picture-088154.jpg,PASS_RIGHT_SIDE
picture-502990.jpg,50_SIGN
picture-591082.jpg,50_SIGN
picture-804039.jpg,PRIORITY_ROAD
picture-602253.jpg,PRIORITY_ROAD
picture-529726.jpg,PEDESTRIAN_CROSSING
picture-341239.jpg,GIVE_WAY
picture-318882.jpg,OTHER
picture-069634.jpg,PRIORITY_ROAD
picture-349172.jpg,PEDESTRIAN_CROSSING
picture-075499.jpg,PEDESTRIAN_CROSSING
picture-296173.jpg,70_SIGN
picture-714078.jpg,GIVE_WAY
picture-639300.jpg,70_SIGN
picture-438311.jpg,70_SIGN
picture-920529.jpg,PASS_RIGHT_SIDE
picture-714781.jpg,PRIORITY_ROAD
picture-722638.jpg,OTHER
picture-635960.jpg,PASS_EITHER_SIDE
picture-095791.jpg,PASS_EITHER_SIDE
picture-063515.jpg,OTHER
picture-373488.jpg,PASS_RIGHT_SIDE
picture-133649.jpg,PASS_RIGHT_SIDE
picture-343215.jpg,PEDESTRIAN_CROSSING
picture-975065.jpg,PEDESTRIAN_CROSSING
picture-168133.jpg,PASS_RIGHT_SIDE
picture-313638.jpg,PEDESTRIAN_CROSSING
picture-090815.jpg,PRIORITY_ROAD
picture-060172.jpg,GIVE_WAY
picture-822611.jpg,PRIORITY_ROAD
picture-330185.jpg,OTHER
picture-035853.jpg,GIVE_WAY
picture-593889.jpg,PEDESTRIAN_CROSSING
picture-248940.jpg,PASS_RIGHT_SIDE
picture-298498.jpg,PEDESTRIAN_CROSSING
picture-729122.jpg,PRIORITY_ROAD
picture-761542.jpg,PASS_RIGHT_SIDE
picture-596458.jpg,PRIORITY_ROAD
picture-538195.jpg,OTHER
picture-505436.jpg,PEDESTRIAN_CROSSING
picture-627770.jpg,GIVE_WAY
picture-274702.jpg,PEDESTRIAN_CROSSING
picture-818974.jpg,PEDESTRIAN_CROSSING
picture-933008.jpg,GIVE_WAY
picture-199049.jpg,GIVE_WAY
picture-448092.jpg,PEDESTRIAN_CROSSING
picture-988685.jpg,PEDESTRIAN_CROSSING
picture-757473.jpg,PEDESTRIAN_CROSSING
picture-199758.jpg,PRIORITY_ROAD
picture-792531.jpg,OTHER
picture-640437.jpg,50_SIGN
picture-626254.jpg,GIVE_WAY
picture-224124.jpg,PEDESTRIAN_CROSSING
picture-688488.jpg,PEDESTRIAN_CROSSING
picture-799163.jpg,OTHER
picture-489534.jpg,GIVE_WAY
picture-721575.jpg,PRIORITY_ROAD
picture-316309.jpg,GIVE_WAY
picture-872159.jpg,50_SIGN
picture-788348.jpg,PASS_RIGHT_SIDE
picture-905420.jpg,50_SIGN
picture-118383.jpg,PEDESTRIAN_CROSSING
picture-652165.jpg,70_SIGN
picture-260381.jpg,PRIORITY_ROAD
picture-219287.jpg,PRIORITY_ROAD
picture-071288.jpg,70_SIGN
picture-332501.jpg,OTHER
picture-034039.jpg,PRIORITY_ROAD
picture-093492.jpg,OTHER
picture-350743.jpg,PASS_RIGHT_SIDE
picture-362083.jpg,OTHER
picture-721770.jpg,70_SIGN
picture-839451.jpg,PASS_RIGHT_SIDE
picture-313839.jpg,PRIORITY_ROAD
picture-127372.jpg,PRIORITY_ROAD
picture-463904.jpg,PEDESTRIAN_CROSSING
picture-427308.jpg,GIVE_WAY
picture-901995.jpg,PASS_RIGHT_SIDE
picture-671886.jpg,PASS_RIGHT_SIDE
picture-043703.jpg,PEDESTRIAN_CROSSING
picture-549802.jpg,PASS_RIGHT_SIDE
picture-302184.jpg,PASS_RIGHT_SIDE
picture-799315.jpg,PEDESTRIAN_CROSSING
picture-909996.jpg,PEDESTRIAN_CROSSING
picture-224186.jpg,OTHER
picture-537553.jpg,GIVE_WAY
picture-884888.jpg,OTHER
picture-890006.jpg,100_SIGN
picture-611288.jpg,PEDESTRIAN_CROSSING
picture-602126.jpg,GIVE_WAY
picture-875547.jpg,PEDESTRIAN_CROSSING
picture-902522.jpg,PRIORITY_ROAD
picture-984552.jpg,PASS_RIGHT_SIDE
picture-865927.jpg,PEDESTRIAN_CROSSING
picture-497291.jpg,PASS_RIGHT_SIDE
picture-027821.jpg,PASS_RIGHT_SIDE
picture-445268.jpg,PRIORITY_ROAD
picture-882104.jpg,PEDESTRIAN_CROSSING
picture-568610.jpg,OTHER
picture-662408.jpg,PRIORITY_ROAD
picture-068009.jpg,PEDESTRIAN_CROSSING
picture-402615.jpg,PEDESTRIAN_CROSSING
picture-960970.jpg,70_SIGN
picture-904733.jpg,PEDESTRIAN_CROSSING
picture-927048.jpg,70_SIGN
picture-265372.jpg,OTHER
picture-391406.jpg,PEDESTRIAN_CROSSING
picture-056198.jpg,OTHER
picture-390299.jpg,PASS_RIGHT_SIDE
picture-614953.jpg,50_SIGN
picture-548947.jpg,70_SIGN
picture-637403.jpg,PEDESTRIAN_CROSSING
picture-351649.jpg,OTHER
picture-547818.jpg,PEDESTRIAN_CROSSING
picture-014648.jpg,PRIORITY_ROAD
picture-668662.jpg,PEDESTRIAN_CROSSING
picture-458733.jpg,60_SIGN
picture-188124.jpg,GIVE_WAY
picture-045456.jpg,PRIORITY_ROAD
picture-278343.jpg,70_SIGN
picture-090930.jpg,OTHER
picture-785198.jpg,PEDESTRIAN_CROSSING
picture-300889.jpg,PASS_RIGHT_SIDE
picture-101081.jpg,PASS_RIGHT_SIDE
picture-673153.jpg,OTHER
picture-173727.jpg,PEDESTRIAN_CROSSING
picture-171479.jpg,70_SIGN
picture-112512.jpg,PEDESTRIAN_CROSSING
picture-055408.jpg,PASS_RIGHT_SIDE
picture-249460.jpg,STOP
picture-133496.jpg,PEDESTRIAN_CROSSING
picture-247674.jpg,70_SIGN
picture-446758.jpg,PRIORITY_ROAD
picture-599226.jpg,PASS_RIGHT_SIDE
picture-324573.jpg,GIVE_WAY
picture-193313.jpg,PRIORITY_ROAD
picture-400575.jpg,PEDESTRIAN_CROSSING
picture-852116.jpg,PEDESTRIAN_CROSSING
picture-116990.jpg,GIVE_WAY
picture-450164.jpg,100_SIGN
picture-188579.jpg,OTHER
picture-067827.jpg,PEDESTRIAN_CROSSING
picture-822816.jpg,100_SIGN
picture-026041.jpg,70_SIGN
picture-839355.jpg,PRIORITY_ROAD
picture-539271.jpg,PRIORITY_ROAD
picture-236275.jpg,PRIORITY_ROAD
picture-658718.jpg,PEDESTRIAN_CROSSING
picture-566872.jpg,GIVE_WAY
picture-072993.jpg,OTHER
picture-846419.jpg,OTHER
picture-320694.jpg,PASS_RIGHT_SIDE
picture-423623.jpg,PRIORITY_ROAD
picture-226336.jpg,50_SIGN
picture-962420.jpg,OTHER
picture-673733.jpg,OTHER
picture-054031.jpg,50_SIGN
picture-165077.jpg,PASS_RIGHT_SIDE
picture-154139.jpg,PEDESTRIAN_CROSSING
picture-448923.jpg,GIVE_WAY
picture-884131.jpg,PEDESTRIAN_CROSSING
picture-752712.jpg,PRIORITY_ROAD
picture-071930.jpg,PEDESTRIAN_CROSSING
picture-678345.jpg,PASS_RIGHT_SIDE
picture-734230.jpg,OTHER
picture-034317.jpg,80_SIGN
picture-975067.jpg,OTHER
picture-070909.jpg,PEDESTRIAN_CROSSING
picture-104509.jpg,PEDESTRIAN_CROSSING
picture-793338.jpg,PEDESTRIAN_CROSSING
picture-258831.jpg,PEDESTRIAN_CROSSING
picture-001287.jpg,PRIORITY_ROAD
picture-798278.jpg,80_SIGN
picture-749068.jpg,STOP
picture-023373.jpg,PEDESTRIAN_CROSSING
picture-824920.jpg,PRIORITY_ROAD
picture-949994.jpg,50_SIGN
picture-870161.jpg,PEDESTRIAN_CROSSING
picture-941675.jpg,PRIORITY_ROAD
picture-377242.jpg,OTHER
picture-869076.jpg,PEDESTRIAN_CROSSING
picture-962331.jpg,PASS_RIGHT_SIDE
picture-409572.jpg,PRIORITY_ROAD
picture-940909.jpg,80_SIGN
picture-588355.jpg,OTHER
picture-353409.jpg,PEDESTRIAN_CROSSING
picture-778607.jpg,PEDESTRIAN_CROSSING
picture-921659.jpg,PASS_RIGHT_SIDE
picture-000514.jpg,PEDESTRIAN_CROSSING
picture-104702.jpg,60_SIGN
picture-120147.jpg,PASS_RIGHT_SIDE
picture-167454.jpg,PASS_RIGHT_SIDE
picture-733451.jpg,PEDESTRIAN_CROSSING
picture-559471.jpg,PASS_RIGHT_SIDE
picture-967893.jpg,PASS_RIGHT_SIDE
picture-638598.jpg,PASS_RIGHT_SIDE
picture-505299.jpg,OTHER
picture-669994.jpg,PASS_RIGHT_SIDE
picture-177596.jpg,GIVE_WAY
picture-179659.jpg,OTHER
picture-036533.jpg,PEDESTRIAN_CROSSING
picture-826054.jpg,PASS_RIGHT_SIDE
picture-214841.jpg,PEDESTRIAN_CROSSING
picture-296701.jpg,50_SIGN
picture-359891.jpg,PEDESTRIAN_CROSSING
picture-371968.jpg,70_SIGN
picture-955131.jpg,70_SIGN
picture-731863.jpg,PEDESTRIAN_CROSSING
picture-200180.jpg,GIVE_WAY
picture-462677.jpg,PRIORITY_ROAD
picture-343191.jpg,PEDESTRIAN_CROSSING
picture-396915.jpg,100_SIGN
picture-760745.jpg,30_SIGN
picture-567670.jpg,OTHER
picture-211304.jpg,PASS_RIGHT_SIDE
picture-069890.jpg,PASS_RIGHT_SIDE
picture-924986.jpg,PASS_RIGHT_SIDE
picture-699375.jpg,PRIORITY_ROAD
picture-457810.jpg,PASS_EITHER_SIDE
picture-297102.jpg,50_SIGN
picture-184381.jpg,100_SIGN
picture-161342.jpg,PASS_RIGHT_SIDE
picture-937573.jpg,PRIORITY_ROAD
picture-828187.jpg,PASS_RIGHT_SIDE
picture-594598.jpg,100_SIGN
picture-210782.jpg,OTHER
picture-214207.jpg,GIVE_WAY
picture-398684.jpg,PEDESTRIAN_CROSSING
picture-615428.jpg,PEDESTRIAN_CROSSING
picture-646016.jpg,PRIORITY_ROAD
picture-137272.jpg,GIVE_WAY
picture-801276.jpg,PASS_RIGHT_SIDE
picture-177840.jpg,PEDESTRIAN_CROSSING
picture-090817.jpg,PEDESTRIAN_CROSSING
picture-426689.jpg,OTHER
picture-233261.jpg,PRIORITY_ROAD
picture-177323.jpg,PASS_RIGHT_SIDE
picture-829055.jpg,PEDESTRIAN_CROSSING
picture-978152.jpg,PRIORITY_ROAD
picture-721323.jpg,50_SIGN
picture-326327.jpg,PEDESTRIAN_CROSSING
picture-857195.jpg,PEDESTRIAN_CROSSING
picture-838347.jpg,PRIORITY_ROAD
picture-936845.jpg,OTHER
picture-705361.jpg,70_SIGN
picture-277283.jpg,OTHER
picture-330582.jpg,90_SIGN
picture-146699.jpg,90_SIGN
picture-677561.jpg,PEDESTRIAN_CROSSING
picture-994268.jpg,PEDESTRIAN_CROSSING
picture-928288.jpg,PASS_RIGHT_SIDE
picture-987059.jpg,PASS_RIGHT_SIDE
picture-176774.jpg,PEDESTRIAN_CROSSING
picture-552615.jpg,100_SIGN
picture-021161.jpg,PRIORITY_ROAD
picture-747562.jpg,STOP
picture-310232.jpg,70_SIGN
picture-381237.jpg,PEDESTRIAN_CROSSING
picture-601007.jpg,PASS_RIGHT_SIDE
picture-567851.jpg,80_SIGN
picture-826858.jpg,PRIORITY_ROAD
picture-360091.jpg,30_SIGN
picture-600111.jpg,100_SIGN
picture-187048.jpg,OTHER
picture-568647.jpg,PASS_RIGHT_SIDE
picture-088173.jpg,OTHER
picture-087091.jpg,STOP
picture-036203.jpg,OTHER
picture-450358.jpg,OTHER
picture-353485.jpg,OTHER
picture-249281.jpg,70_SIGN
picture-774410.jpg,PASS_RIGHT_SIDE
picture-242907.jpg,OTHER
picture-144671.jpg,PEDESTRIAN_CROSSING
picture-938093.jpg,PASS_RIGHT_SIDE
picture-225817.jpg,PRIORITY_ROAD
picture-346427.jpg,100_SIGN
picture-801059.jpg,OTHER
picture-005840.jpg,OTHER
picture-104902.jpg,80_SIGN
picture-904270.jpg,OTHER
picture-279483.jpg,PRIORITY_ROAD
picture-800635.jpg,80_SIGN
picture-536453.jpg,PASS_RIGHT_SIDE
picture-646767.jpg,110_SIGN
picture-938250.jpg,PRIORITY_ROAD
picture-682603.jpg,PASS_RIGHT_SIDE
picture-838251.jpg,NO_PARKING
picture-801780.jpg,90_SIGN
picture-489556.jpg,PRIORITY_ROAD
picture-705229.jpg,OTHER
picture-050280.jpg,PRIORITY_ROAD
picture-420771.jpg,70_SIGN
picture-601411.jpg,OTHER
picture-969019.jpg,OTHER
picture-199163.jpg,PASS_RIGHT_SIDE
picture-398305.jpg,NO_PARKING
picture-756736.jpg,OTHER
picture-981807.jpg,NO_STOPPING_NO_STANDING
picture-692880.jpg,PRIORITY_ROAD
picture-424610.jpg,PEDESTRIAN_CROSSING
picture-142871.jpg,PEDESTRIAN_CROSSING
picture-869521.jpg,PASS_RIGHT_SIDE
picture-917374.jpg,NO_STOPPING_NO_STANDING
picture-616631.jpg,PEDESTRIAN_CROSSING
picture-103378.jpg,PASS_RIGHT_SIDE
picture-473189.jpg,NO_PARKING
picture-365138.jpg,80_SIGN
picture-928179.jpg,OTHER
picture-984063.jpg,PRIORITY_ROAD
picture-979513.jpg,50_SIGN
picture-202685.jpg,OTHER
picture-261416.jpg,70_SIGN
picture-277721.jpg,STOP
picture-746135.jpg,PEDESTRIAN_CROSSING
picture-856416.jpg,PEDESTRIAN_CROSSING
picture-084068.jpg,GIVE_WAY
picture-480863.jpg,100_SIGN
picture-477106.jpg,OTHER
picture-085319.jpg,PEDESTRIAN_CROSSING
picture-577406.jpg,OTHER
picture-432518.jpg,PRIORITY_ROAD
picture-055687.jpg,PASS_RIGHT_SIDE
picture-013470.jpg,PEDESTRIAN_CROSSING
picture-917547.jpg,70_SIGN
picture-668733.jpg,PEDESTRIAN_CROSSING
picture-114478.jpg,PASS_RIGHT_SIDE
picture-086048.jpg,PASS_RIGHT_SIDE
picture-391200.jpg,NO_PARKING
picture-458978.jpg,PASS_EITHER_SIDE
picture-486812.jpg,PASS_RIGHT_SIDE
picture-028359.jpg,NO_STOPPING_NO_STANDING
picture-069528.jpg,30_SIGN
picture-458000.jpg,70_SIGN
picture-775192.jpg,NO_STOPPING_NO_STANDING
picture-908121.jpg,GIVE_WAY
picture-008455.jpg,PEDESTRIAN_CROSSING
picture-958875.jpg,OTHER
picture-673060.jpg,PASS_RIGHT_SIDE
picture-133269.jpg,OTHER
picture-937958.jpg,PRIORITY_ROAD
picture-348792.jpg,PASS_EITHER_SIDE
picture-041224.jpg,50_SIGN
picture-025073.jpg,PRIORITY_ROAD
picture-106007.jpg,PEDESTRIAN_CROSSING
picture-420605.jpg,PEDESTRIAN_CROSSING
picture-598096.jpg,OTHER
picture-686869.jpg,PRIORITY_ROAD
picture-409554.jpg,70_SIGN
picture-213919.jpg,PEDESTRIAN_CROSSING
picture-759037.jpg,50_SIGN
picture-381292.jpg,OTHER
picture-707701.jpg,OTHER
picture-510122.jpg,PRIORITY_ROAD
picture-344570.jpg,70_SIGN
picture-508701.jpg,PEDESTRIAN_CROSSING
picture-508684.jpg,PRIORITY_ROAD
picture-312801.jpg,PEDESTRIAN_CROSSING
picture-392086.jpg,PEDESTRIAN_CROSSING
picture-729914.jpg,GIVE_WAY
picture-798385.jpg,PRIORITY_ROAD
picture-516793.jpg,PEDESTRIAN_CROSSING
picture-574306.jpg,NO_STOPPING_NO_STANDING
picture-291174.jpg,GIVE_WAY
picture-909974.jpg,PRIORITY_ROAD
picture-214366.jpg,PEDESTRIAN_CROSSING
picture-259667.jpg,PEDESTRIAN_CROSSING
picture-326936.jpg,OTHER
picture-270594.jpg,70_SIGN
picture-544816.jpg,PASS_RIGHT_SIDE
picture-660758.jpg,PEDESTRIAN_CROSSING
picture-535690.jpg,PEDESTRIAN_CROSSING
picture-083581.jpg,OTHER
picture-346320.jpg,PEDESTRIAN_CROSSING
picture-018694.jpg,PEDESTRIAN_CROSSING
picture-813056.jpg,OTHER
picture-859282.jpg,50_SIGN
picture-701647.jpg,PRIORITY_ROAD
picture-518947.jpg,PRIORITY_ROAD
picture-684783.jpg,PASS_EITHER_SIDE
picture-003938.jpg,PEDESTRIAN_CROSSING
picture-780308.jpg,NO_STOPPING_NO_STANDING
picture-350141.jpg,PASS_RIGHT_SIDE
picture-727323.jpg,60_SIGN
picture-422969.jpg,70_SIGN
picture-714887.jpg,PEDESTRIAN_CROSSING
picture-547242.jpg,PEDESTRIAN_CROSSING
picture-292210.jpg,50_SIGN
picture-945956.jpg,PEDESTRIAN_CROSSING
picture-228306.jpg,PRIORITY_ROAD
picture-818431.jpg,50_SIGN
picture-068838.jpg,OTHER
picture-473881.jpg,PASS_RIGHT_SIDE
picture-249370.jpg,100_SIGN
picture-271855.jpg,PEDESTRIAN_CROSSING
picture-479878.jpg,PRIORITY_ROAD
picture-728958.jpg,PASS_RIGHT_SIDE
picture-970762.jpg,OTHER
picture-678310.jpg,PASS_RIGHT_SIDE
picture-364709.jpg,NO_PARKING
picture-713071.jpg,PASS_RIGHT_SIDE
picture-049994.jpg,PRIORITY_ROAD
picture-200514.jpg,80_SIGN
picture-244006.jpg,PRIORITY_ROAD
picture-909621.jpg,OTHER
picture-384058.jpg,PEDESTRIAN_CROSSING
picture-879421.jpg,50_SIGN
picture-030743.jpg,50_SIGN
picture-432395.jpg,OTHER
picture-377158.jpg,PEDESTRIAN_CROSSING
picture-949428.jpg,100_SIGN
picture-614936.jpg,PRIORITY_ROAD
picture-301731.jpg,NO_STOPPING_NO_STANDING
picture-388665.jpg,PASS_RIGHT_SIDE
picture-614945.jpg,PRIORITY_ROAD
picture-579800.jpg,PASS_RIGHT_SIDE
picture-226254.jpg,NO_STOPPING_NO_STANDING
picture-425202.jpg,PASS_RIGHT_SIDE
picture-361407.jpg,PASS_RIGHT_SIDE
picture-068618.jpg,OTHER
picture-077269.jpg,OTHER
picture-455279.jpg,OTHER
picture-986842.jpg,100_SIGN
picture-674032.jpg,PASS_RIGHT_SIDE
picture-702465.jpg,PRIORITY_ROAD
picture-859401.jpg,100_SIGN
picture-117400.jpg,PEDESTRIAN_CROSSING
picture-044815.jpg,PEDESTRIAN_CROSSING
picture-213198.jpg,PASS_RIGHT_SIDE
picture-228492.jpg,70_SIGN
picture-142887.jpg,PEDESTRIAN_CROSSING
picture-945694.jpg,STOP
picture-173333.jpg,PASS_RIGHT_SIDE
picture-366847.jpg,PRIORITY_ROAD
picture-397499.jpg,PASS_RIGHT_SIDE
picture-840761.jpg,PRIORITY_ROAD
picture-526485.jpg,PEDESTRIAN_CROSSING
picture-309040.jpg,PEDESTRIAN_CROSSING
picture-622520.jpg,OTHER
picture-293185.jpg,100_SIGN
picture-896475.jpg,PEDESTRIAN_CROSSING
picture-596894.jpg,80_SIGN
picture-335094.jpg,PASS_RIGHT_SIDE
picture-278037.jpg,70_SIGN
picture-788724.jpg,PRIORITY_ROAD
picture-508400.jpg,PEDESTRIAN_CROSSING
picture-264537.jpg,PEDESTRIAN_CROSSING
picture-353242.jpg,PEDESTRIAN_CROSSING
picture-829332.jpg,PRIORITY_ROAD
picture-087578.jpg,PRIORITY_ROAD
picture-515072.jpg,PASS_RIGHT_SIDE
picture-456589.jpg,GIVE_WAY
picture-489378.jpg,PASS_RIGHT_SIDE
picture-938256.jpg,50_SIGN
picture-371821.jpg,70_SIGN
picture-570107.jpg,GIVE_WAY
picture-693309.jpg,OTHER
picture-671534.jpg,PASS_RIGHT_SIDE
picture-182301.jpg,PASS_RIGHT_SIDE
picture-429085.jpg,OTHER
picture-685552.jpg,GIVE_WAY
picture-527350.jpg,NO_PARKING
picture-057339.jpg,GIVE_WAY
picture-948837.jpg,PEDESTRIAN_CROSSING
picture-658841.jpg,PASS_RIGHT_SIDE
picture-362048.jpg,80_SIGN
picture-321025.jpg,PRIORITY_ROAD
picture-306514.jpg,OTHER
picture-285830.jpg,PEDESTRIAN_CROSSING
picture-644420.jpg,PRIORITY_ROAD
picture-700275.jpg,GIVE_WAY
picture-779576.jpg,50_SIGN
picture-698455.jpg,PRIORITY_ROAD
picture-563320.jpg,OTHER
picture-065508.jpg,PEDESTRIAN_CROSSING
picture-650602.jpg,GIVE_WAY
picture-709630.jpg,50_SIGN
picture-654848.jpg,OTHER
picture-609811.jpg,NO_STOPPING_NO_STANDING
picture-771792.jpg,OTHER
picture-903172.jpg,OTHER
picture-339396.jpg,OTHER
picture-825408.jpg,PRIORITY_ROAD
picture-688137.jpg,50_SIGN
picture-976950.jpg,OTHER
picture-500534.jpg,NO_STOPPING_NO_STANDING
picture-388365.jpg,80_SIGN
picture-366827.jpg,PRIORITY_ROAD
picture-821465.jpg,70_SIGN
picture-429395.jpg,80_SIGN
picture-456377.jpg,70_SIGN
picture-237527.jpg,50_SIGN
picture-072408.jpg,PASS_RIGHT_SIDE
picture-007548.jpg,OTHER
picture-608876.jpg,GIVE_WAY
picture-268248.jpg,100_SIGN
picture-067512.jpg,PRIORITY_ROAD
picture-244554.jpg,PEDESTRIAN_CROSSING
picture-208167.jpg,STOP
picture-690781.jpg,NO_PARKING
picture-001823.jpg,PEDESTRIAN_CROSSING
picture-037258.jpg,PRIORITY_ROAD
picture-284125.jpg,PRIORITY_ROAD
picture-064396.jpg,PEDESTRIAN_CROSSING
picture-341903.jpg,PEDESTRIAN_CROSSING
picture-979586.jpg,80_SIGN
picture-661414.jpg,GIVE_WAY
picture-951788.jpg,PRIORITY_ROAD
picture-214943.jpg,PRIORITY_ROAD
picture-685127.jpg,PRIORITY_ROAD
picture-300078.jpg,PEDESTRIAN_CROSSING
picture-704942.jpg,PEDESTRIAN_CROSSING
picture-051087.jpg,100_SIGN
picture-863791.jpg,90_SIGN
picture-159738.jpg,PASS_RIGHT_SIDE
picture-450603.jpg,NO_PARKING
picture-050037.jpg,PRIORITY_ROAD
picture-787397.jpg,NO_PARKING
picture-711696.jpg,50_SIGN
picture-523290.jpg,PEDESTRIAN_CROSSING
picture-808581.jpg,50_SIGN
picture-871860.jpg,90_SIGN
picture-543144.jpg,GIVE_WAY
picture-045360.jpg,70_SIGN
picture-077250.jpg,50_SIGN
picture-267958.jpg,100_SIGN
picture-968033.jpg,100_SIGN
picture-831114.jpg,PASS_RIGHT_SIDE
picture-724866.jpg,PASS_RIGHT_SIDE
picture-582648.jpg,PRIORITY_ROAD
picture-802930.jpg,PRIORITY_ROAD
picture-768827.jpg,PEDESTRIAN_CROSSING
picture-249113.jpg,NO_PARKING
picture-487467.jpg,PASS_RIGHT_SIDE
picture-416914.jpg,NO_PARKING
picture-473773.jpg,PEDESTRIAN_CROSSING
picture-103739.jpg,100_SIGN
picture-851100.jpg,NO_STOPPING_NO_STANDING
picture-705111.jpg,60_SIGN
picture-091087.jpg,GIVE_WAY
picture-833239.jpg,PEDESTRIAN_CROSSING
picture-497264.jpg,OTHER
picture-028198.jpg,PASS_RIGHT_SIDE
picture-923949.jpg,30_SIGN
picture-228579.jpg,PRIORITY_ROAD
picture-509025.jpg,PASS_RIGHT_SIDE
picture-064823.jpg,PASS_RIGHT_SIDE
picture-649634.jpg,PEDESTRIAN_CROSSING
picture-614389.jpg,GIVE_WAY
picture-035555.jpg,OTHER
picture-867442.jpg,OTHER
picture-278828.jpg,50_SIGN
picture-310754.jpg,PEDESTRIAN_CROSSING
picture-418585.jpg,GIVE_WAY
picture-347304.jpg,100_SIGN
picture-606851.jpg,PEDESTRIAN_CROSSING
picture-552181.jpg,GIVE_WAY
picture-367968.jpg,PEDESTRIAN_CROSSING
picture-832080.jpg,OTHER
picture-475050.jpg,50_SIGN
picture-341288.jpg,100_SIGN
picture-657444.jpg,PEDESTRIAN_CROSSING
picture-577376.jpg,PEDESTRIAN_CROSSING
picture-966832.jpg,PRIORITY_ROAD
picture-347637.jpg,OTHER
picture-981572.jpg,OTHER
picture-470363.jpg,PEDESTRIAN_CROSSING
picture-875323.jpg,GIVE_WAY
picture-063265.jpg,PASS_RIGHT_SIDE
picture-146458.jpg,PASS_RIGHT_SIDE
picture-614133.jpg,70_SIGN
picture-530429.jpg,50_SIGN
picture-932675.jpg,70_SIGN
picture-982455.jpg,OTHER
picture-120601.jpg,PRIORITY_ROAD
picture-242700.jpg,PRIORITY_ROAD
picture-433769.jpg,110_SIGN
picture-705927.jpg,NO_PARKING
picture-392248.jpg,PRIORITY_ROAD
picture-918099.jpg,60_SIGN
picture-752678.jpg,NO_PARKING
picture-908930.jpg,NO_STOPPING_NO_STANDING
picture-903800.jpg,GIVE_WAY
picture-320248.jpg,PRIORITY_ROAD
picture-982488.jpg,PRIORITY_ROAD
picture-633986.jpg,70_SIGN
picture-212184.jpg,PEDESTRIAN_CROSSING
picture-100648.jpg,PASS_RIGHT_SIDE
picture-885344.jpg,PRIORITY_ROAD
picture-615102.jpg,70_SIGN
picture-494188.jpg,PEDESTRIAN_CROSSING
picture-701861.jpg,PEDESTRIAN_CROSSING
picture-895599.jpg,PASS_RIGHT_SIDE
picture-741925.jpg,PRIORITY_ROAD
picture-362264.jpg,PEDESTRIAN_CROSSING
picture-648289.jpg,OTHER
picture-555806.jpg,PASS_RIGHT_SIDE
picture-922743.jpg,70_SIGN
picture-988798.jpg,70_SIGN
picture-548677.jpg,PRIORITY_ROAD
picture-804256.jpg,PEDESTRIAN_CROSSING
picture-843326.jpg,80_SIGN
picture-027260.jpg,PEDESTRIAN_CROSSING
picture-731778.jpg,PEDESTRIAN_CROSSING
picture-766672.jpg,50_SIGN
picture-137858.jpg,OTHER
picture-671791.jpg,PEDESTRIAN_CROSSING
picture-682597.jpg,PASS_RIGHT_SIDE
picture-205552.jpg,PEDESTRIAN_CROSSING
picture-023173.jpg,PASS_RIGHT_SIDE
picture-449540.jpg,PEDESTRIAN_CROSSING
picture-698299.jpg,PEDESTRIAN_CROSSING
picture-517191.jpg,PRIORITY_ROAD
picture-838118.jpg,NO_STOPPING_NO_STANDING
picture-940638.jpg,PASS_RIGHT_SIDE
picture-106561.jpg,70_SIGN
picture-393440.jpg,OTHER
picture-773172.jpg,PEDESTRIAN_CROSSING
picture-045357.jpg,PEDESTRIAN_CROSSING
picture-897492.jpg,OTHER
picture-090796.jpg,PRIORITY_ROAD
picture-215775.jpg,PASS_RIGHT_SIDE
picture-619908.jpg,PEDESTRIAN_CROSSING
picture-329674.jpg,PEDESTRIAN_CROSSING
picture-594295.jpg,70_SIGN
picture-817728.jpg,OTHER
picture-427552.jpg,OTHER
picture-977769.jpg,PRIORITY_ROAD
picture-635238.jpg,PEDESTRIAN_CROSSING
picture-097906.jpg,70_SIGN
picture-030972.jpg,PEDESTRIAN_CROSSING
picture-492696.jpg,PRIORITY_ROAD
picture-923338.jpg,OTHER
picture-054655.jpg,PEDESTRIAN_CROSSING
picture-089870.jpg,PASS_EITHER_SIDE
picture-264304.jpg,PASS_RIGHT_SIDE
picture-534158.jpg,OTHER
picture-367697.jpg,OTHER
picture-719291.jpg,PEDESTRIAN_CROSSING
picture-439143.jpg,110_SIGN
picture-074845.jpg,GIVE_WAY
picture-338867.jpg,70_SIGN
picture-356612.jpg,PEDESTRIAN_CROSSING
picture-567902.jpg,80_SIGN
picture-682290.jpg,PEDESTRIAN_CROSSING
picture-821486.jpg,GIVE_WAY
picture-668220.jpg,60_SIGN
picture-785411.jpg,PEDESTRIAN_CROSSING
picture-708409.jpg,30_SIGN
picture-273925.jpg,GIVE_WAY
picture-511940.jpg,70_SIGN
picture-572120.jpg,PASS_RIGHT_SIDE
picture-186916.jpg,GIVE_WAY
picture-354944.jpg,PEDESTRIAN_CROSSING
picture-946739.jpg,80_SIGN
picture-598916.jpg,PRIORITY_ROAD
picture-441025.jpg,110_SIGN
picture-484754.jpg,PRIORITY_ROAD
picture-362722.jpg,100_SIGN
picture-846171.jpg,GIVE_WAY
picture-330024.jpg,PRIORITY_ROAD
picture-743372.jpg,PASS_RIGHT_SIDE
picture-111994.jpg,NO_PARKING
picture-928575.jpg,30_SIGN
picture-865440.jpg,PEDESTRIAN_CROSSING
picture-617137.jpg,OTHER
picture-181287.jpg,PRIORITY_ROAD
picture-863803.jpg,PRIORITY_ROAD
picture-534173.jpg,OTHER
picture-520940.jpg,NO_STOPPING_NO_STANDING
picture-218820.jpg,PEDESTRIAN_CROSSING
picture-384945.jpg,PEDESTRIAN_CROSSING
picture-961433.jpg,PEDESTRIAN_CROSSING
picture-939677.jpg,PEDESTRIAN_CROSSING
picture-879150.jpg,PRIORITY_ROAD
picture-686403.jpg,PEDESTRIAN_CROSSING
picture-053016.jpg,PRIORITY_ROAD
picture-077062.jpg,PRIORITY_ROAD
picture-715902.jpg,PEDESTRIAN_CROSSING
picture-180663.jpg,70_SIGN
picture-486318.jpg,PEDESTRIAN_CROSSING
picture-602898.jpg,PASS_RIGHT_SIDE
picture-662101.jpg,PEDESTRIAN_CROSSING
picture-244945.jpg,OTHER
picture-597420.jpg,GIVE_WAY
picture-005337.jpg,110_SIGN
picture-233045.jpg,PEDESTRIAN_CROSSING
picture-778352.jpg,PEDESTRIAN_CROSSING
picture-094243.jpg,STOP
picture-566787.jpg,PEDESTRIAN_CROSSING
picture-980780.jpg,OTHER
picture-889461.jpg,50_SIGN
picture-700120.jpg,PEDESTRIAN_CROSSING
picture-797060.jpg,OTHER
picture-972423.jpg,PRIORITY_ROAD
picture-879532.jpg,PRIORITY_ROAD
picture-243703.jpg,PEDESTRIAN_CROSSING
picture-556955.jpg,PRIORITY_ROAD
picture-996969.jpg,PEDESTRIAN_CROSSING
picture-764244.jpg,60_SIGN
picture-275277.jpg,GIVE_WAY
picture-217087.jpg,PEDESTRIAN_CROSSING
picture-664101.jpg,PEDESTRIAN_CROSSING
picture-647389.jpg,PEDESTRIAN_CROSSING
picture-791571.jpg,70_SIGN
picture-568690.jpg,PASS_RIGHT_SIDE
picture-217149.jpg,OTHER
picture-342066.jpg,PASS_RIGHT_SIDE
picture-244065.jpg,100_SIGN
picture-491269.jpg,PEDESTRIAN_CROSSING
picture-023276.jpg,PRIORITY_ROAD
picture-048758.jpg,PEDESTRIAN_CROSSING
picture-734467.jpg,50_SIGN
picture-481998.jpg,PASS_RIGHT_SIDE
picture-346801.jpg,PASS_RIGHT_SIDE
picture-505119.jpg,90_SIGN
picture-511028.jpg,OTHER
picture-920157.jpg,NO_STOPPING_NO_STANDING
picture-889158.jpg,70_SIGN
picture-016450.jpg,100_SIGN
picture-479026.jpg,PRIORITY_ROAD
picture-986804.jpg,OTHER
picture-138943.jpg,110_SIGN
picture-671133.jpg,OTHER
picture-998684.jpg,PEDESTRIAN_CROSSING
picture-820994.jpg,PASS_RIGHT_SIDE
picture-814513.jpg,PRIORITY_ROAD
picture-442003.jpg,100_SIGN
picture-598518.jpg,50_SIGN
picture-391606.jpg,NO_STOPPING_NO_STANDING
picture-990445.jpg,OTHER
picture-951904.jpg,NO_STOPPING_NO_STANDING
picture-241811.jpg,PASS_RIGHT_SIDE
picture-555858.jpg,PEDESTRIAN_CROSSING
picture-346771.jpg,70_SIGN
picture-457255.jpg,GIVE_WAY
picture-875948.jpg,30_SIGN
picture-601824.jpg,PASS_RIGHT_SIDE
picture-082133.jpg,PRIORITY_ROAD
picture-401794.jpg,50_SIGN
picture-692463.jpg,PRIORITY_ROAD
picture-446072.jpg,60_SIGN
picture-716408.jpg,80_SIGN
picture-280156.jpg,PEDESTRIAN_CROSSING
picture-820683.jpg,PEDESTRIAN_CROSSING
picture-826979.jpg,GIVE_WAY
picture-655022.jpg,30_SIGN
picture-808130.jpg,PEDESTRIAN_CROSSING
picture-503508.jpg,80_SIGN
picture-782716.jpg,PRIORITY_ROAD
picture-601415.jpg,PEDESTRIAN_CROSSING
picture-001461.jpg,GIVE_WAY
picture-858178.jpg,PASS_RIGHT_SIDE
picture-538902.jpg,PRIORITY_ROAD
picture-322801.jpg,OTHER
picture-872271.jpg,70_SIGN
picture-045620.jpg,PRIORITY_ROAD
picture-216568.jpg,PEDESTRIAN_CROSSING
picture-706673.jpg,100_SIGN
picture-721095.jpg,PEDESTRIAN_CROSSING
picture-955153.jpg,70_SIGN
picture-218305.jpg,STOP
picture-299726.jpg,GIVE_WAY
picture-855694.jpg,PASS_RIGHT_SIDE
picture-465350.jpg,OTHER
picture-896366.jpg,70_SIGN
picture-543098.jpg,OTHER
picture-535720.jpg,PEDESTRIAN_CROSSING
picture-175425.jpg,50_SIGN
picture-118386.jpg,GIVE_WAY
picture-547662.jpg,PEDESTRIAN_CROSSING
picture-909935.jpg,PEDESTRIAN_CROSSING
picture-371724.jpg,PRIORITY_ROAD
picture-518017.jpg,OTHER
picture-274821.jpg,PRIORITY_ROAD
picture-250444.jpg,NO_STOPPING_NO_STANDING
picture-740345.jpg,PASS_RIGHT_SIDE
picture-401021.jpg,PASS_RIGHT_SIDE
picture-060372.jpg,GIVE_WAY
picture-240337.jpg,70_SIGN
picture-885097.jpg,PEDESTRIAN_CROSSING
picture-230850.jpg,PASS_RIGHT_SIDE
picture-572670.jpg,PEDESTRIAN_CROSSING
picture-310635.jpg,PASS_RIGHT_SIDE
picture-146536.jpg,PEDESTRIAN_CROSSING
picture-678166.jpg,100_SIGN
picture-010580.jpg,PEDESTRIAN_CROSSING
picture-970928.jpg,PEDESTRIAN_CROSSING
picture-236877.jpg,NO_STOPPING_NO_STANDING
picture-568282.jpg,70_SIGN
picture-220998.jpg,OTHER
picture-495780.jpg,OTHER
picture-585801.jpg,PEDESTRIAN_CROSSING
picture-332342.jpg,PEDESTRIAN_CROSSING
picture-285820.jpg,50_SIGN
picture-397024.jpg,GIVE_WAY
picture-805033.jpg,100_SIGN
picture-750556.jpg,100_SIGN
picture-814868.jpg,PEDESTRIAN_CROSSING
picture-243149.jpg,60_SIGN
picture-988332.jpg,80_SIGN
picture-739931.jpg,OTHER
picture-036478.jpg,OTHER
picture-664890.jpg,PRIORITY_ROAD
picture-091293.jpg,PASS_RIGHT_SIDE
picture-978990.jpg,NO_STOPPING_NO_STANDING
picture-690766.jpg,PASS_RIGHT_SIDE
picture-923059.jpg,70_SIGN
picture-745379.jpg,PEDESTRIAN_CROSSING
picture-651596.jpg,NO_STOPPING_NO_STANDING
picture-998326.jpg,PRIORITY_ROAD
picture-657641.jpg,OTHER
picture-164601.jpg,PEDESTRIAN_CROSSING
picture-880400.jpg,PASS_RIGHT_SIDE
picture-764986.jpg,PRIORITY_ROAD
picture-299561.jpg,PEDESTRIAN_CROSSING
picture-148550.jpg,PRIORITY_ROAD
picture-440586.jpg,OTHER
picture-767085.jpg,PASS_RIGHT_SIDE
picture-644292.jpg,GIVE_WAY
picture-449989.jpg,PEDESTRIAN_CROSSING
picture-049820.jpg,70_SIGN
picture-040403.jpg,PASS_RIGHT_SIDE
picture-334199.jpg,PEDESTRIAN_CROSSING
picture-559532.jpg,100_SIGN
picture-637091.jpg,PEDESTRIAN_CROSSING
picture-050115.jpg,90_SIGN
picture-251913.jpg,PRIORITY_ROAD
picture-230545.jpg,PEDESTRIAN_CROSSING
picture-678268.jpg,OTHER
picture-902849.jpg,70_SIGN
picture-299574.jpg,80_SIGN
picture-999226.jpg,PASS_RIGHT_SIDE
picture-353961.jpg,PEDESTRIAN_CROSSING
picture-401518.jpg,PASS_RIGHT_SIDE
picture-348441.jpg,PEDESTRIAN_CROSSING
picture-920804.jpg,PASS_RIGHT_SIDE
picture-299963.jpg,OTHER
picture-077629.jpg,PASS_RIGHT_SIDE
picture-761227.jpg,GIVE_WAY
picture-322170.jpg,OTHER
picture-264092.jpg,NO_STOPPING_NO_STANDING
picture-637577.jpg,PASS_RIGHT_SIDE
picture-842368.jpg,PEDESTRIAN_CROSSING
picture-236907.jpg,OTHER
picture-211608.jpg,PRIORITY_ROAD
picture-947030.jpg,PRIORITY_ROAD
picture-182811.jpg,PEDESTRIAN_CROSSING
picture-459003.jpg,PRIORITY_ROAD
picture-571471.jpg,PEDESTRIAN_CROSSING
picture-548421.jpg,PRIORITY_ROAD
picture-485294.jpg,PEDESTRIAN_CROSSING
picture-224476.jpg,PEDESTRIAN_CROSSING
picture-648012.jpg,GIVE_WAY
picture-386603.jpg,NO_PARKING
picture-796864.jpg,PEDESTRIAN_CROSSING
picture-758518.jpg,PEDESTRIAN_CROSSING
picture-048640.jpg,100_SIGN
picture-860421.jpg,OTHER
picture-453651.jpg,PEDESTRIAN_CROSSING
picture-017263.jpg,PRIORITY_ROAD
picture-943396.jpg,PRIORITY_ROAD
picture-145904.jpg,OTHER
picture-046268.jpg,PEDESTRIAN_CROSSING
picture-245734.jpg,GIVE_WAY
picture-080619.jpg,PASS_RIGHT_SIDE
picture-163884.jpg,PEDESTRIAN_CROSSING
picture-130217.jpg,OTHER
picture-160576.jpg,PRIORITY_ROAD
picture-632122.jpg,PEDESTRIAN_CROSSING
picture-864764.jpg,OTHER
picture-265756.jpg,PEDESTRIAN_CROSSING
picture-672600.jpg,PRIORITY_ROAD
picture-782896.jpg,OTHER
picture-539821.jpg,OTHER
picture-569091.jpg,NO_STOPPING_NO_STANDING
picture-690307.jpg,PEDESTRIAN_CROSSING
picture-166280.jpg,100_SIGN
picture-461469.jpg,PASS_RIGHT_SIDE
picture-001740.jpg,PASS_RIGHT_SIDE
picture-981921.jpg,OTHER
picture-969038.jpg,50_SIGN
picture-269487.jpg,GIVE_WAY
picture-939187.jpg,PASS_RIGHT_SIDE
picture-552076.jpg,PRIORITY_ROAD
picture-086586.jpg,PASS_RIGHT_SIDE
picture-822742.jpg,PEDESTRIAN_CROSSING
picture-894977.jpg,PEDESTRIAN_CROSSING
picture-719159.jpg,PASS_RIGHT_SIDE
picture-795091.jpg,PASS_RIGHT_SIDE
picture-095159.jpg,PRIORITY_ROAD
picture-380796.jpg,PRIORITY_ROAD
picture-679185.jpg,70_SIGN
picture-358328.jpg,PRIORITY_ROAD
picture-745377.jpg,PEDESTRIAN_CROSSING
picture-787430.jpg,PRIORITY_ROAD
picture-894304.jpg,PEDESTRIAN_CROSSING
picture-013158.jpg,PEDESTRIAN_CROSSING
picture-330767.jpg,PRIORITY_ROAD
picture-773644.jpg,50_SIGN
picture-840250.jpg,PASS_RIGHT_SIDE
picture-929128.jpg,PRIORITY_ROAD
picture-159996.jpg,GIVE_WAY
picture-925073.jpg,PASS_RIGHT_SIDE
picture-596836.jpg,PRIORITY_ROAD
picture-450275.jpg,50_SIGN
picture-489927.jpg,80_SIGN
picture-980824.jpg,OTHER
picture-637830.jpg,PEDESTRIAN_CROSSING
picture-158593.jpg,PRIORITY_ROAD
picture-268671.jpg,70_SIGN
picture-985251.jpg,PRIORITY_ROAD
picture-607002.jpg,80_SIGN
picture-113119.jpg,PEDESTRIAN_CROSSING
picture-868032.jpg,GIVE_WAY
picture-641256.jpg,PRIORITY_ROAD
picture-602966.jpg,100_SIGN
picture-534971.jpg,PEDESTRIAN_CROSSING
picture-823725.jpg,PEDESTRIAN_CROSSING
picture-627164.jpg,PEDESTRIAN_CROSSING
picture-842656.jpg,PASS_RIGHT_SIDE
picture-187461.jpg,PASS_RIGHT_SIDE
picture-309234.jpg,PEDESTRIAN_CROSSING
picture-671509.jpg,PEDESTRIAN_CROSSING
picture-456605.jpg,PASS_RIGHT_SIDE
picture-962219.jpg,PRIORITY_ROAD
picture-515108.jpg,PEDESTRIAN_CROSSING
picture-891328.jpg,50_SIGN
picture-541406.jpg,PRIORITY_ROAD
picture-689068.jpg,PASS_RIGHT_SIDE
picture-868518.jpg,50_SIGN
picture-594963.jpg,OTHER
picture-151920.jpg,PEDESTRIAN_CROSSING
picture-142328.jpg,OTHER
picture-297832.jpg,50_SIGN
picture-812823.jpg,NO_STOPPING_NO_STANDING
picture-776553.jpg,PRIORITY_ROAD
picture-190798.jpg,PEDESTRIAN_CROSSING
picture-440209.jpg,OTHER
picture-042506.jpg,100_SIGN
picture-819518.jpg,PASS_RIGHT_SIDE
picture-745158.jpg,PEDESTRIAN_CROSSING
picture-515485.jpg,PEDESTRIAN_CROSSING
picture-162942.jpg,PEDESTRIAN_CROSSING
picture-785177.jpg,NO_STOPPING_NO_STANDING
picture-433264.jpg,90_SIGN
picture-994376.jpg,PEDESTRIAN_CROSSING
picture-525963.jpg,PEDESTRIAN_CROSSING
picture-248455.jpg,100_SIGN
picture-650137.jpg,PASS_RIGHT_SIDE
picture-432080.jpg,STOP
picture-031308.jpg,PEDESTRIAN_CROSSING
picture-697036.jpg,NO_STOPPING_NO_STANDING
picture-878584.jpg,30_SIGN
picture-314579.jpg,PRIORITY_ROAD
picture-585388.jpg,OTHER
picture-358974.jpg,PRIORITY_ROAD
picture-461509.jpg,PEDESTRIAN_CROSSING
picture-116443.jpg,PRIORITY_ROAD
picture-278193.jpg,PASS_RIGHT_SIDE
picture-189284.jpg,50_SIGN
picture-419101.jpg,PRIORITY_ROAD
picture-303477.jpg,OTHER
picture-184201.jpg,OTHER
picture-906063.jpg,PEDESTRIAN_CROSSING
picture-092304.jpg,50_SIGN
picture-575424.jpg,PEDESTRIAN_CROSSING
picture-581465.jpg,PEDESTRIAN_CROSSING
picture-879267.jpg,50_SIGN
picture-054905.jpg,30_SIGN
picture-566822.jpg,50_SIGN
picture-543097.jpg,100_SIGN
picture-431364.jpg,PASS_EITHER_SIDE
picture-742747.jpg,30_SIGN
picture-366642.jpg,NO_PARKING
picture-847693.jpg,50_SIGN
picture-789476.jpg,NO_STOPPING_NO_STANDING
picture-198148.jpg,100_SIGN
picture-019051.jpg,PRIORITY_ROAD
picture-706312.jpg,70_SIGN
picture-168478.jpg,PEDESTRIAN_CROSSING
picture-956311.jpg,PRIORITY_ROAD
picture-316165.jpg,PEDESTRIAN_CROSSING
picture-904380.jpg,30_SIGN
picture-558273.jpg,OTHER
picture-128846.jpg,PRIORITY_ROAD
picture-524219.jpg,OTHER
picture-608399.jpg,30_SIGN
picture-696470.jpg,PASS_RIGHT_SIDE
picture-057817.jpg,PEDESTRIAN_CROSSING
picture-036674.jpg,PASS_RIGHT_SIDE
picture-504214.jpg,PRIORITY_ROAD
picture-884553.jpg,GIVE_WAY
picture-566313.jpg,PEDESTRIAN_CROSSING
picture-214264.jpg,OTHER
picture-963522.jpg,PRIORITY_ROAD
picture-615932.jpg,GIVE_WAY
picture-351779.jpg,PEDESTRIAN_CROSSING
picture-445780.jpg,PRIORITY_ROAD
picture-433319.jpg,50_SIGN
picture-257387.jpg,50_SIGN
picture-529189.jpg,PRIORITY_ROAD
picture-011327.jpg,GIVE_WAY
picture-717144.jpg,STOP
picture-223266.jpg,NO_STOPPING_NO_STANDING
picture-517616.jpg,80_SIGN
picture-488526.jpg,100_SIGN
picture-789009.jpg,PRIORITY_ROAD
picture-341736.jpg,PRIORITY_ROAD
picture-974590.jpg,PASS_RIGHT_SIDE
picture-330882.jpg,GIVE_WAY
picture-870864.jpg,PASS_RIGHT_SIDE
picture-071800.jpg,STOP
picture-874416.jpg,PRIORITY_ROAD
picture-301601.jpg,OTHER
picture-023014.jpg,PRIORITY_ROAD
picture-355853.jpg,OTHER
picture-039626.jpg,OTHER
picture-481294.jpg,NO_STOPPING_NO_STANDING
picture-974276.jpg,NO_PARKING
picture-823265.jpg,OTHER
picture-696421.jpg,PEDESTRIAN_CROSSING
picture-416955.jpg,PEDESTRIAN_CROSSING
picture-660961.jpg,PASS_RIGHT_SIDE
picture-956072.jpg,GIVE_WAY
picture-756896.jpg,PASS_RIGHT_SIDE
picture-599638.jpg,PEDESTRIAN_CROSSING
picture-742450.jpg,80_SIGN
picture-186749.jpg,PASS_RIGHT_SIDE
picture-892444.jpg,NO_PARKING
picture-106349.jpg,NO_STOPPING_NO_STANDING
picture-795823.jpg,PEDESTRIAN_CROSSING
picture-716431.jpg,GIVE_WAY
picture-330102.jpg,50_SIGN
picture-045765.jpg,PEDESTRIAN_CROSSING
picture-690832.jpg,80_SIGN
picture-596428.jpg,70_SIGN
picture-975118.jpg,OTHER
picture-901225.jpg,NO_STOPPING_NO_STANDING
picture-127614.jpg,PEDESTRIAN_CROSSING
picture-201871.jpg,PEDESTRIAN_CROSSING
picture-094669.jpg,50_SIGN
picture-382231.jpg,70_SIGN
picture-734742.jpg,70_SIGN
picture-239400.jpg,OTHER
picture-348498.jpg,PRIORITY_ROAD
picture-414976.jpg,PRIORITY_ROAD
picture-031172.jpg,NO_PARKING
picture-118772.jpg,80_SIGN
picture-269716.jpg,PRIORITY_ROAD
picture-484248.jpg,50_SIGN
picture-653034.jpg,PRIORITY_ROAD
picture-541229.jpg,60_SIGN
picture-326331.jpg,GIVE_WAY
picture-743625.jpg,70_SIGN
picture-913602.jpg,PEDESTRIAN_CROSSING
picture-726364.jpg,PRIORITY_ROAD
picture-232514.jpg,PRIORITY_ROAD
picture-720731.jpg,PRIORITY_ROAD
picture-417075.jpg,PEDESTRIAN_CROSSING
picture-717417.jpg,100_SIGN
picture-162149.jpg,PEDESTRIAN_CROSSING
picture-520199.jpg,PRIORITY_ROAD
picture-675491.jpg,PEDESTRIAN_CROSSING
picture-678584.jpg,PEDESTRIAN_CROSSING
picture-936931.jpg,70_SIGN
picture-640743.jpg,50_SIGN
picture-716108.jpg,NO_STOPPING_NO_STANDING
picture-608092.jpg,30_SIGN
picture-271810.jpg,60_SIGN
picture-066968.jpg,OTHER
picture-601849.jpg,80_SIGN
picture-801743.jpg,PEDESTRIAN_CROSSING
picture-201809.jpg,NO_PARKING
picture-682925.jpg,80_SIGN
picture-546172.jpg,PRIORITY_ROAD
picture-479967.jpg,PRIORITY_ROAD
picture-947425.jpg,PRIORITY_ROAD
picture-398209.jpg,50_SIGN
picture-757551.jpg,PEDESTRIAN_CROSSING
picture-121576.jpg,OTHER
picture-887149.jpg,PRIORITY_ROAD
picture-917622.jpg,PRIORITY_ROAD
picture-299452.jpg,PRIORITY_ROAD
picture-706140.jpg,OTHER
picture-085152.jpg,70_SIGN
picture-801415.jpg,PEDESTRIAN_CROSSING
picture-372169.jpg,80_SIGN
picture-634221.jpg,OTHER
picture-440753.jpg,NO_PARKING
picture-123528.jpg,PASS_RIGHT_SIDE
picture-012275.jpg,PRIORITY_ROAD
picture-980550.jpg,PRIORITY_ROAD
picture-188505.jpg,PEDESTRIAN_CROSSING
picture-091743.jpg,PASS_RIGHT_SIDE
picture-292682.jpg,NO_PARKING
picture-063169.jpg,PEDESTRIAN_CROSSING
picture-257410.jpg,PEDESTRIAN_CROSSING
picture-260323.jpg,OTHER
picture-234102.jpg,PEDESTRIAN_CROSSING
picture-878947.jpg,PRIORITY_ROAD
picture-273097.jpg,100_SIGN
picture-533890.jpg,PASS_RIGHT_SIDE
picture-594474.jpg,PRIORITY_ROAD
picture-213409.jpg,PEDESTRIAN_CROSSING
picture-383669.jpg,GIVE_WAY
picture-221615.jpg,50_SIGN
picture-942621.jpg,PRIORITY_ROAD
picture-839473.jpg,PRIORITY_ROAD
picture-855652.jpg,NO_PARKING
picture-018203.jpg,STOP
picture-054290.jpg,PRIORITY_ROAD
picture-473916.jpg,PRIORITY_ROAD
picture-385296.jpg,PASS_RIGHT_SIDE
picture-036539.jpg,NO_STOPPING_NO_STANDING
picture-078018.jpg,PRIORITY_ROAD
picture-666003.jpg,GIVE_WAY
picture-710265.jpg,50_SIGN
picture-145923.jpg,OTHER
picture-562423.jpg,PRIORITY_ROAD
picture-503369.jpg,OTHER
picture-855319.jpg,PRIORITY_ROAD
picture-330658.jpg,OTHER
picture-089903.jpg,PASS_RIGHT_SIDE
picture-605764.jpg,NO_STOPPING_NO_STANDING
picture-931911.jpg,80_SIGN
picture-486166.jpg,PEDESTRIAN_CROSSING
picture-013207.jpg,PASS_RIGHT_SIDE
picture-771618.jpg,100_SIGN
picture-420210.jpg,PRIORITY_ROAD
picture-769393.jpg,PEDESTRIAN_CROSSING
picture-375836.jpg,70_SIGN
picture-120290.jpg,50_SIGN
picture-981161.jpg,50_SIGN
picture-917936.jpg,PASS_RIGHT_SIDE
picture-105198.jpg,80_SIGN
picture-723805.jpg,80_SIGN
picture-097190.jpg,70_SIGN
picture-467307.jpg,PEDESTRIAN_CROSSING
picture-383211.jpg,PEDESTRIAN_CROSSING
picture-026413.jpg,OTHER
picture-718401.jpg,OTHER
picture-016190.jpg,PEDESTRIAN_CROSSING
picture-423323.jpg,OTHER
picture-976897.jpg,PASS_RIGHT_SIDE
picture-738984.jpg,PEDESTRIAN_CROSSING
picture-399141.jpg,50_SIGN
picture-702957.jpg,PASS_RIGHT_SIDE
picture-193654.jpg,30_SIGN
picture-253505.jpg,50_SIGN
picture-034344.jpg,PEDESTRIAN_CROSSING
picture-934186.jpg,110_SIGN
picture-104359.jpg,PRIORITY_ROAD
picture-882232.jpg,PRIORITY_ROAD
picture-556556.jpg,70_SIGN
picture-829344.jpg,PEDESTRIAN_CROSSING
picture-161943.jpg,PEDESTRIAN_CROSSING
picture-206333.jpg,PEDESTRIAN_CROSSING
picture-427530.jpg,NO_STOPPING_NO_STANDING
picture-213734.jpg,OTHER
picture-913862.jpg,NO_STOPPING_NO_STANDING
picture-780946.jpg,NO_PARKING
picture-361372.jpg,PEDESTRIAN_CROSSING
picture-890548.jpg,NO_STOPPING_NO_STANDING
picture-119037.jpg,PEDESTRIAN_CROSSING
picture-574909.jpg,PASS_RIGHT_SIDE
picture-184363.jpg,PEDESTRIAN_CROSSING
picture-929359.jpg,OTHER
picture-989183.jpg,PRIORITY_ROAD
picture-212522.jpg,70_SIGN
picture-250995.jpg,GIVE_WAY
picture-803115.jpg,100_SIGN
picture-530434.jpg,PEDESTRIAN_CROSSING
picture-243645.jpg,30_SIGN
picture-730586.jpg,OTHER
picture-064798.jpg,PASS_RIGHT_SIDE
picture-454884.jpg,80_SIGN
picture-474740.jpg,OTHER
picture-329344.jpg,NO_PARKING
picture-279364.jpg,PASS_RIGHT_SIDE
picture-090577.jpg,PASS_RIGHT_SIDE
picture-125421.jpg,90_SIGN
picture-315658.jpg,GIVE_WAY
picture-246886.jpg,PASS_RIGHT_SIDE
picture-789870.jpg,PRIORITY_ROAD
picture-219204.jpg,NO_STOPPING_NO_STANDING
picture-344409.jpg,80_SIGN
picture-752427.jpg,GIVE_WAY
picture-017936.jpg,PASS_RIGHT_SIDE
picture-911215.jpg,GIVE_WAY
picture-238765.jpg,PEDESTRIAN_CROSSING
picture-962865.jpg,PEDESTRIAN_CROSSING
picture-575954.jpg,90_SIGN
picture-002470.jpg,90_SIGN
picture-123460.jpg,PEDESTRIAN_CROSSING
picture-096870.jpg,80_SIGN
picture-755531.jpg,70_SIGN
picture-852119.jpg,PEDESTRIAN_CROSSING
picture-376632.jpg,PEDESTRIAN_CROSSING
picture-672422.jpg,PEDESTRIAN_CROSSING
picture-013994.jpg,PASS_RIGHT_SIDE
picture-995412.jpg,PEDESTRIAN_CROSSING
picture-774543.jpg,PASS_RIGHT_SIDE
picture-966075.jpg,50_SIGN
picture-064881.jpg,OTHER
picture-364567.jpg,GIVE_WAY
picture-485269.jpg,PEDESTRIAN_CROSSING
picture-582387.jpg,70_SIGN
picture-134511.jpg,50_SIGN
picture-714177.jpg,PEDESTRIAN_CROSSING
picture-074857.jpg,80_SIGN
picture-502946.jpg,OTHER
picture-172249.jpg,PASS_RIGHT_SIDE
picture-852516.jpg,GIVE_WAY
picture-756374.jpg,PRIORITY_ROAD
picture-277727.jpg,PEDESTRIAN_CROSSING
picture-056316.jpg,PRIORITY_ROAD
picture-825031.jpg,PEDESTRIAN_CROSSING
picture-747506.jpg,STOP
picture-800118.jpg,30_SIGN
picture-181020.jpg,110_SIGN
picture-129666.jpg,100_SIGN
picture-109206.jpg,PASS_RIGHT_SIDE
picture-588275.jpg,PRIORITY_ROAD
picture-716932.jpg,PASS_RIGHT_SIDE
picture-268905.jpg,OTHER
picture-451301.jpg,PASS_RIGHT_SIDE
picture-595440.jpg,PEDESTRIAN_CROSSING
picture-454839.jpg,80_SIGN
picture-318318.jpg,PEDESTRIAN_CROSSING
picture-664348.jpg,PEDESTRIAN_CROSSING
picture-230624.jpg,PEDESTRIAN_CROSSING
picture-606259.jpg,PEDESTRIAN_CROSSING
picture-680551.jpg,50_SIGN
picture-436852.jpg,OTHER
picture-454354.jpg,PASS_RIGHT_SIDE
picture-273913.jpg,PEDESTRIAN_CROSSING
picture-398160.jpg,PASS_RIGHT_SIDE
picture-657421.jpg,PEDESTRIAN_CROSSING
picture-943264.jpg,80_SIGN
picture-005884.jpg,PRIORITY_ROAD
picture-724908.jpg,OTHER
picture-395626.jpg,50_SIGN
picture-155791.jpg,GIVE_WAY
picture-515880.jpg,100_SIGN
picture-940130.jpg,NO_STOPPING_NO_STANDING
picture-275068.jpg,PEDESTRIAN_CROSSING
picture-666796.jpg,70_SIGN
picture-644397.jpg,100_SIGN
picture-102790.jpg,OTHER
picture-445603.jpg,GIVE_WAY
picture-476312.jpg,PRIORITY_ROAD
picture-612410.jpg,70_SIGN
picture-041242.jpg,PEDESTRIAN_CROSSING
picture-760363.jpg,NO_PARKING
picture-483769.jpg,PASS_RIGHT_SIDE
picture-217905.jpg,PASS_RIGHT_SIDE
picture-829051.jpg,PRIORITY_ROAD
picture-125361.jpg,NO_STOPPING_NO_STANDING
picture-499066.jpg,NO_STOPPING_NO_STANDING
picture-900673.jpg,OTHER
picture-449913.jpg,90_SIGN
picture-916964.jpg,70_SIGN
picture-201522.jpg,100_SIGN
picture-076966.jpg,80_SIGN
picture-509753.jpg,PASS_RIGHT_SIDE
picture-312446.jpg,OTHER
picture-849513.jpg,60_SIGN
picture-568212.jpg,PEDESTRIAN_CROSSING
picture-409696.jpg,OTHER
picture-014811.jpg,70_SIGN
picture-196154.jpg,PASS_RIGHT_SIDE
picture-311550.jpg,100_SIGN
picture-729123.jpg,PASS_RIGHT_SIDE
picture-044762.jpg,PASS_RIGHT_SIDE
picture-579571.jpg,GIVE_WAY
picture-957729.jpg,PEDESTRIAN_CROSSING
picture-594513.jpg,PEDESTRIAN_CROSSING
picture-584751.jpg,PRIORITY_ROAD
picture-868134.jpg,PRIORITY_ROAD
picture-491416.jpg,PASS_RIGHT_SIDE
picture-896286.jpg,STOP
picture-729298.jpg,PEDESTRIAN_CROSSING
picture-494852.jpg,PEDESTRIAN_CROSSING
picture-314639.jpg,PRIORITY_ROAD
picture-004325.jpg,OTHER
picture-339873.jpg,PEDESTRIAN_CROSSING
picture-664266.jpg,PRIORITY_ROAD
picture-459413.jpg,PEDESTRIAN_CROSSING
picture-121343.jpg,PEDESTRIAN_CROSSING
picture-256460.jpg,OTHER
picture-974965.jpg,80_SIGN
picture-373307.jpg,PEDESTRIAN_CROSSING
picture-649033.jpg,50_SIGN
picture-331502.jpg,PRIORITY_ROAD
picture-556470.jpg,NO_STOPPING_NO_STANDING
picture-933086.jpg,PRIORITY_ROAD
picture-173805.jpg,PEDESTRIAN_CROSSING
picture-919308.jpg,70_SIGN
picture-727585.jpg,PEDESTRIAN_CROSSING
picture-668032.jpg,PRIORITY_ROAD
picture-019643.jpg,90_SIGN
picture-136285.jpg,PRIORITY_ROAD
picture-129556.jpg,PEDESTRIAN_CROSSING
picture-256759.jpg,50_SIGN
picture-348106.jpg,50_SIGN
picture-028712.jpg,PEDESTRIAN_CROSSING
picture-128216.jpg,OTHER
picture-717296.jpg,110_SIGN
picture-561122.jpg,OTHER
picture-758618.jpg,NO_PARKING
picture-458574.jpg,NO_PARKING
picture-709476.jpg,PASS_RIGHT_SIDE
picture-209999.jpg,PRIORITY_ROAD
picture-975382.jpg,NO_PARKING
picture-753857.jpg,GIVE_WAY
picture-467534.jpg,PRIORITY_ROAD
picture-183986.jpg,70_SIGN
picture-595282.jpg,100_SIGN
picture-091004.jpg,PRIORITY_ROAD
picture-427099.jpg,80_SIGN
picture-519385.jpg,PASS_RIGHT_SIDE
picture-019246.jpg,OTHER
picture-539386.jpg,100_SIGN
picture-204781.jpg,OTHER
picture-399276.jpg,PEDESTRIAN_CROSSING
picture-802532.jpg,PASS_RIGHT_SIDE
picture-822804.jpg,80_SIGN
picture-741709.jpg,PASS_RIGHT_SIDE
picture-842780.jpg,80_SIGN
picture-083184.jpg,OTHER
picture-731765.jpg,OTHER
picture-392028.jpg,PRIORITY_ROAD
picture-002886.jpg,PASS_RIGHT_SIDE
picture-090537.jpg,PEDESTRIAN_CROSSING
picture-631939.jpg,70_SIGN
picture-132637.jpg,70_SIGN
picture-593636.jpg,PASS_RIGHT_SIDE
picture-438023.jpg,PEDESTRIAN_CROSSING
picture-623105.jpg,PRIORITY_ROAD
picture-753244.jpg,PRIORITY_ROAD
picture-131197.jpg,PASS_RIGHT_SIDE
picture-744796.jpg,GIVE_WAY
picture-250496.jpg,PRIORITY_ROAD
picture-904177.jpg,PASS_RIGHT_SIDE
picture-071887.jpg,PASS_RIGHT_SIDE
picture-036170.jpg,50_SIGN
picture-779270.jpg,PEDESTRIAN_CROSSING
picture-466143.jpg,70_SIGN
picture-710473.jpg,PRIORITY_ROAD
picture-571999.jpg,PEDESTRIAN_CROSSING
picture-752128.jpg,PRIORITY_ROAD
picture-704761.jpg,PEDESTRIAN_CROSSING
picture-285541.jpg,80_SIGN
picture-796371.jpg,50_SIGN
picture-677424.jpg,PASS_RIGHT_SIDE
picture-115339.jpg,PASS_RIGHT_SIDE
picture-910395.jpg,70_SIGN
picture-833495.jpg,PEDESTRIAN_CROSSING
picture-652753.jpg,PEDESTRIAN_CROSSING
picture-780743.jpg,PRIORITY_ROAD
picture-893329.jpg,PEDESTRIAN_CROSSING
picture-337649.jpg,OTHER
picture-276182.jpg,PEDESTRIAN_CROSSING
picture-544996.jpg,90_SIGN
picture-810040.jpg,PEDESTRIAN_CROSSING
picture-759676.jpg,OTHER
picture-038368.jpg,PEDESTRIAN_CROSSING
picture-722590.jpg,OTHER
picture-924731.jpg,PASS_RIGHT_SIDE
picture-180348.jpg,PEDESTRIAN_CROSSING
picture-162445.jpg,PEDESTRIAN_CROSSING
picture-263591.jpg,90_SIGN
picture-118762.jpg,NO_PARKING
picture-265733.jpg,PRIORITY_ROAD
picture-557770.jpg,OTHER
picture-033810.jpg,80_SIGN
picture-737953.jpg,70_SIGN
picture-213108.jpg,70_SIGN
picture-638644.jpg,50_SIGN
picture-905318.jpg,PEDESTRIAN_CROSSING
picture-499310.jpg,GIVE_WAY
picture-404652.jpg,PRIORITY_ROAD
picture-746356.jpg,PASS_RIGHT_SIDE
picture-738820.jpg,80_SIGN
picture-289038.jpg,NO_PARKING
picture-580849.jpg,PEDESTRIAN_CROSSING
picture-835006.jpg,NO_PARKING
picture-682969.jpg,PASS_RIGHT_SIDE
picture-215603.jpg,PASS_RIGHT_SIDE
picture-649607.jpg,PRIORITY_ROAD
picture-176448.jpg,50_SIGN
picture-442368.jpg,30_SIGN
picture-373726.jpg,NO_PARKING
picture-804010.jpg,50_SIGN
picture-745083.jpg,PRIORITY_ROAD
picture-240989.jpg,PEDESTRIAN_CROSSING
picture-572876.jpg,PEDESTRIAN_CROSSING
picture-660479.jpg,OTHER
picture-697080.jpg,PASS_RIGHT_SIDE
picture-954032.jpg,50_SIGN
picture-939880.jpg,OTHER
picture-019176.jpg,70_SIGN
picture-010827.jpg,100_SIGN
picture-248577.jpg,PRIORITY_ROAD
picture-226666.jpg,PEDESTRIAN_CROSSING
picture-269933.jpg,70_SIGN
picture-908787.jpg,GIVE_WAY
picture-592542.jpg,GIVE_WAY
picture-479453.jpg,70_SIGN
picture-238356.jpg,110_SIGN
picture-017506.jpg,PRIORITY_ROAD
picture-441052.jpg,OTHER
picture-905917.jpg,PEDESTRIAN_CROSSING
picture-464097.jpg,GIVE_WAY
picture-107041.jpg,100_SIGN
picture-240160.jpg,GIVE_WAY
picture-669603.jpg,PRIORITY_ROAD
picture-443214.jpg,PASS_RIGHT_SIDE
picture-936199.jpg,PEDESTRIAN_CROSSING
picture-783227.jpg,70_SIGN
picture-064152.jpg,PEDESTRIAN_CROSSING
picture-451067.jpg,PASS_RIGHT_SIDE
picture-301745.jpg,NO_PARKING
picture-102481.jpg,GIVE_WAY
picture-799441.jpg,80_SIGN
picture-696425.jpg,PRIORITY_ROAD
picture-496505.jpg,PASS_EITHER_SIDE
picture-506131.jpg,PASS_RIGHT_SIDE
picture-147558.jpg,50_SIGN
picture-397360.jpg,PEDESTRIAN_CROSSING
picture-573671.jpg,NO_STOPPING_NO_STANDING
picture-590320.jpg,NO_STOPPING_NO_STANDING
picture-115079.jpg,PEDESTRIAN_CROSSING
picture-827118.jpg,70_SIGN
picture-086430.jpg,GIVE_WAY
picture-119598.jpg,PEDESTRIAN_CROSSING
picture-277501.jpg,PEDESTRIAN_CROSSING
picture-321806.jpg,PEDESTRIAN_CROSSING
picture-452433.jpg,PASS_RIGHT_SIDE
picture-247936.jpg,PEDESTRIAN_CROSSING
picture-257420.jpg,80_SIGN
picture-609341.jpg,PASS_EITHER_SIDE
picture-682166.jpg,PEDESTRIAN_CROSSING
picture-168619.jpg,PRIORITY_ROAD
picture-559486.jpg,80_SIGN
picture-438747.jpg,80_SIGN
picture-526952.jpg,PASS_RIGHT_SIDE
picture-912017.jpg,PRIORITY_ROAD
picture-976927.jpg,PASS_RIGHT_SIDE
picture-231442.jpg,PASS_RIGHT_SIDE
picture-932778.jpg,50_SIGN
picture-376147.jpg,50_SIGN
picture-356119.jpg,PEDESTRIAN_CROSSING
picture-417790.jpg,PEDESTRIAN_CROSSING
picture-452325.jpg,OTHER
picture-620902.jpg,PEDESTRIAN_CROSSING
picture-798397.jpg,PRIORITY_ROAD
picture-674878.jpg,OTHER
picture-089163.jpg,PEDESTRIAN_CROSSING
picture-562323.jpg,OTHER
picture-434551.jpg,70_SIGN
picture-012609.jpg,PRIORITY_ROAD
picture-457344.jpg,PASS_RIGHT_SIDE
picture-089384.jpg,OTHER
picture-224970.jpg,PEDESTRIAN_CROSSING
picture-477832.jpg,70_SIGN
picture-211493.jpg,OTHER
picture-796850.jpg,PRIORITY_ROAD
picture-259353.jpg,50_SIGN
picture-965549.jpg,GIVE_WAY
picture-649662.jpg,PEDESTRIAN_CROSSING
picture-112451.jpg,PASS_RIGHT_SIDE
picture-195692.jpg,PEDESTRIAN_CROSSING
picture-777728.jpg,PASS_EITHER_SIDE
picture-315282.jpg,GIVE_WAY
picture-771118.jpg,GIVE_WAY
picture-158872.jpg,GIVE_WAY
picture-011592.jpg,PEDESTRIAN_CROSSING
picture-148482.jpg,GIVE_WAY
picture-654798.jpg,70_SIGN
picture-660766.jpg,PASS_RIGHT_SIDE
picture-132887.jpg,80_SIGN
picture-760728.jpg,100_SIGN
picture-247483.jpg,OTHER
picture-013442.jpg,OTHER
picture-525085.jpg,OTHER
picture-815233.jpg,PASS_RIGHT_SIDE
picture-197854.jpg,OTHER
picture-304650.jpg,PRIORITY_ROAD
picture-950728.jpg,70_SIGN
picture-448001.jpg,PASS_RIGHT_SIDE
picture-028339.jpg,PRIORITY_ROAD
picture-090410.jpg,PRIORITY_ROAD
picture-973590.jpg,PASS_EITHER_SIDE
picture-624972.jpg,50_SIGN
picture-685713.jpg,PEDESTRIAN_CROSSING
picture-712396.jpg,PRIORITY_ROAD
picture-939570.jpg,110_SIGN
picture-468381.jpg,PRIORITY_ROAD
picture-343418.jpg,NO_PARKING
picture-238631.jpg,PEDESTRIAN_CROSSING
picture-350492.jpg,PRIORITY_ROAD
picture-813502.jpg,NO_STOPPING_NO_STANDING
picture-504637.jpg,OTHER
picture-977190.jpg,PRIORITY_ROAD
picture-155559.jpg,OTHER
picture-857291.jpg,80_SIGN
picture-425129.jpg,PASS_RIGHT_SIDE
picture-031693.jpg,100_SIGN
picture-385465.jpg,GIVE_WAY
picture-228633.jpg,80_SIGN
picture-563624.jpg,70_SIGN
picture-848641.jpg,NO_PARKING
picture-230921.jpg,50_SIGN
picture-364907.jpg,PRIORITY_ROAD
picture-335248.jpg,PEDESTRIAN_CROSSING
picture-728936.jpg,PEDESTRIAN_CROSSING
picture-937793.jpg,30_SIGN
picture-152108.jpg,PRIORITY_ROAD
picture-091413.jpg,PRIORITY_ROAD
picture-343390.jpg,80_SIGN
picture-987954.jpg,50_SIGN
picture-132465.jpg,PEDESTRIAN_CROSSING
picture-923619.jpg,PEDESTRIAN_CROSSING
picture-914839.jpg,GIVE_WAY
picture-660828.jpg,70_SIGN
picture-566012.jpg,PEDESTRIAN_CROSSING
picture-149021.jpg,PASS_RIGHT_SIDE
picture-256668.jpg,NO_STOPPING_NO_STANDING
picture-994441.jpg,PEDESTRIAN_CROSSING
picture-893307.jpg,NO_PARKING
picture-425412.jpg,PASS_EITHER_SIDE
picture-671009.jpg,PEDESTRIAN_CROSSING
picture-948739.jpg,PEDESTRIAN_CROSSING
picture-723350.jpg,PASS_RIGHT_SIDE
picture-792528.jpg,30_SIGN
picture-763036.jpg,PRIORITY_ROAD
picture-820595.jpg,PASS_RIGHT_SIDE
picture-572165.jpg,PASS_RIGHT_SIDE
picture-756960.jpg,PEDESTRIAN_CROSSING
picture-606697.jpg,GIVE_WAY
picture-463384.jpg,PASS_RIGHT_SIDE
picture-414681.jpg,PRIORITY_ROAD
picture-061957.jpg,PASS_RIGHT_SIDE
picture-746152.jpg,OTHER
picture-548355.jpg,PEDESTRIAN_CROSSING
picture-948453.jpg,PEDESTRIAN_CROSSING
picture-676969.jpg,70_SIGN
picture-629344.jpg,PASS_RIGHT_SIDE
picture-525667.jpg,OTHER
picture-547742.jpg,OTHER
picture-024203.jpg,PEDESTRIAN_CROSSING
picture-335980.jpg,PRIORITY_ROAD
picture-127135.jpg,110_SIGN
picture-683980.jpg,PEDESTRIAN_CROSSING
picture-654007.jpg,PASS_EITHER_SIDE
picture-319538.jpg,OTHER
picture-177719.jpg,PRIORITY_ROAD
picture-880948.jpg,70_SIGN
picture-510070.jpg,GIVE_WAY
picture-173899.jpg,PEDESTRIAN_CROSSING
picture-658902.jpg,50_SIGN
picture-120598.jpg,PRIORITY_ROAD
picture-495058.jpg,PASS_RIGHT_SIDE
picture-659710.jpg,PASS_RIGHT_SIDE
picture-076470.jpg,GIVE_WAY
picture-690170.jpg,OTHER
picture-336312.jpg,OTHER
picture-383748.jpg,PEDESTRIAN_CROSSING
picture-060987.jpg,PEDESTRIAN_CROSSING
picture-344600.jpg,PEDESTRIAN_CROSSING
picture-702744.jpg,PEDESTRIAN_CROSSING
picture-987529.jpg,GIVE_WAY
picture-427275.jpg,PASS_RIGHT_SIDE
picture-379043.jpg,PASS_RIGHT_SIDE
picture-585236.jpg,PEDESTRIAN_CROSSING
picture-677258.jpg,PEDESTRIAN_CROSSING
picture-637264.jpg,OTHER
picture-243705.jpg,PEDESTRIAN_CROSSING
picture-074093.jpg,PEDESTRIAN_CROSSING
picture-246965.jpg,PASS_RIGHT_SIDE
picture-811664.jpg,30_SIGN
picture-003350.jpg,OTHER
picture-197602.jpg,80_SIGN
picture-012520.jpg,PEDESTRIAN_CROSSING
picture-584425.jpg,OTHER
picture-583808.jpg,PASS_RIGHT_SIDE
picture-264800.jpg,PRIORITY_ROAD
picture-518702.jpg,50_SIGN
picture-738641.jpg,PASS_RIGHT_SIDE
picture-257781.jpg,PRIORITY_ROAD
picture-058117.jpg,100_SIGN
picture-479541.jpg,PEDESTRIAN_CROSSING
picture-594425.jpg,PEDESTRIAN_CROSSING
picture-254463.jpg,PEDESTRIAN_CROSSING
picture-035635.jpg,PEDESTRIAN_CROSSING
picture-249384.jpg,PEDESTRIAN_CROSSING
picture-229359.jpg,PASS_RIGHT_SIDE
picture-725004.jpg,PRIORITY_ROAD
picture-661034.jpg,NO_STOPPING_NO_STANDING
picture-698700.jpg,70_SIGN
picture-091144.jpg,GIVE_WAY
picture-818928.jpg,50_SIGN
picture-516674.jpg,50_SIGN
picture-089386.jpg,70_SIGN
picture-257194.jpg,OTHER
picture-067767.jpg,PRIORITY_ROAD
picture-109853.jpg,PASS_RIGHT_SIDE
picture-826381.jpg,NO_PARKING
picture-486967.jpg,OTHER
picture-211149.jpg,60_SIGN
picture-162926.jpg,PASS_RIGHT_SIDE
picture-269044.jpg,PEDESTRIAN_CROSSING
picture-925654.jpg,PEDESTRIAN_CROSSING
picture-433261.jpg,OTHER
picture-863019.jpg,OTHER
picture-815542.jpg,OTHER
picture-341238.jpg,50_SIGN
picture-695496.jpg,PRIORITY_ROAD
picture-642813.jpg,PEDESTRIAN_CROSSING
picture-588926.jpg,NO_PARKING
picture-495372.jpg,PASS_RIGHT_SIDE
picture-691950.jpg,PRIORITY_ROAD
picture-691535.jpg,PRIORITY_ROAD
picture-332048.jpg,50_SIGN
picture-534869.jpg,PASS_RIGHT_SIDE
picture-090619.jpg,PASS_RIGHT_SIDE
picture-005527.jpg,PRIORITY_ROAD
picture-199160.jpg,PASS_RIGHT_SIDE
picture-314592.jpg,PASS_RIGHT_SIDE
picture-571828.jpg,OTHER
picture-049452.jpg,PRIORITY_ROAD
picture-671694.jpg,80_SIGN
picture-038963.jpg,PEDESTRIAN_CROSSING
picture-603128.jpg,PRIORITY_ROAD
picture-476964.jpg,PRIORITY_ROAD
picture-177483.jpg,NO_STOPPING_NO_STANDING
picture-828290.jpg,PRIORITY_ROAD
picture-850301.jpg,PRIORITY_ROAD
picture-069644.jpg,PRIORITY_ROAD
picture-696386.jpg,60_SIGN
picture-693947.jpg,GIVE_WAY
picture-011812.jpg,70_SIGN
picture-838010.jpg,GIVE_WAY
picture-870246.jpg,PEDESTRIAN_CROSSING
picture-951473.jpg,OTHER
picture-638813.jpg,PRIORITY_ROAD
picture-570473.jpg,70_SIGN
picture-252276.jpg,PRIORITY_ROAD
picture-792067.jpg,PASS_RIGHT_SIDE
picture-446664.jpg,PEDESTRIAN_CROSSING
picture-063413.jpg,PASS_RIGHT_SIDE
picture-061391.jpg,PASS_RIGHT_SIDE
picture-494513.jpg,PEDESTRIAN_CROSSING
picture-839356.jpg,PASS_RIGHT_SIDE
picture-168101.jpg,PEDESTRIAN_CROSSING
picture-788085.jpg,PEDESTRIAN_CROSSING
picture-221304.jpg,OTHER
picture-324895.jpg,PASS_RIGHT_SIDE
picture-518095.jpg,PEDESTRIAN_CROSSING
picture-213127.jpg,PRIORITY_ROAD
picture-367895.jpg,100_SIGN
picture-778092.jpg,OTHER
picture-304459.jpg,80_SIGN
picture-711244.jpg,110_SIGN
picture-352719.jpg,PEDESTRIAN_CROSSING
picture-147226.jpg,OTHER
picture-826745.jpg,PEDESTRIAN_CROSSING
picture-366377.jpg,GIVE_WAY
picture-605550.jpg,OTHER
picture-994129.jpg,100_SIGN
picture-579409.jpg,NO_STOPPING_NO_STANDING
picture-030159.jpg,PEDESTRIAN_CROSSING
picture-350675.jpg,100_SIGN
picture-644618.jpg,PRIORITY_ROAD
picture-427029.jpg,80_SIGN
picture-788682.jpg,PRIORITY_ROAD
picture-095486.jpg,GIVE_WAY
picture-739452.jpg,OTHER
picture-687875.jpg,OTHER
picture-071276.jpg,OTHER
picture-365293.jpg,PRIORITY_ROAD
picture-094025.jpg,70_SIGN
picture-548831.jpg,PRIORITY_ROAD
picture-030199.jpg,PRIORITY_ROAD
picture-401385.jpg,GIVE_WAY
picture-166218.jpg,70_SIGN
picture-324663.jpg,PEDESTRIAN_CROSSING
picture-669956.jpg,NO_PARKING
picture-881683.jpg,PEDESTRIAN_CROSSING
picture-664598.jpg,PASS_RIGHT_SIDE
picture-632860.jpg,PEDESTRIAN_CROSSING
picture-922822.jpg,PEDESTRIAN_CROSSING
picture-880592.jpg,70_SIGN
picture-693456.jpg,PRIORITY_ROAD
picture-906442.jpg,PRIORITY_ROAD
picture-472604.jpg,70_SIGN
picture-360679.jpg,PRIORITY_ROAD
picture-272810.jpg,60_SIGN
picture-585446.jpg,80_SIGN
picture-124953.jpg,PEDESTRIAN_CROSSING
picture-656019.jpg,PEDESTRIAN_CROSSING
picture-482326.jpg,PASS_RIGHT_SIDE
picture-675861.jpg,PEDESTRIAN_CROSSING
picture-743036.jpg,PASS_RIGHT_SIDE
picture-434767.jpg,70_SIGN
picture-923735.jpg,PRIORITY_ROAD
picture-960274.jpg,100_SIGN
picture-103689.jpg,GIVE_WAY
picture-917974.jpg,PASS_RIGHT_SIDE
picture-904927.jpg,PEDESTRIAN_CROSSING
picture-122393.jpg,PRIORITY_ROAD
picture-156100.jpg,60_SIGN
picture-488369.jpg,PASS_RIGHT_SIDE
picture-103645.jpg,PRIORITY_ROAD
picture-231339.jpg,OTHER
picture-855526.jpg,NO_PARKING
picture-345426.jpg,PASS_RIGHT_SIDE
picture-480104.jpg,PASS_RIGHT_SIDE
picture-761491.jpg,PASS_RIGHT_SIDE
picture-219211.jpg,PRIORITY_ROAD
picture-539172.jpg,PEDESTRIAN_CROSSING
picture-686247.jpg,70_SIGN
picture-903839.jpg,PRIORITY_ROAD
picture-392869.jpg,PRIORITY_ROAD
picture-524772.jpg,OTHER
picture-768973.jpg,OTHER
picture-420208.jpg,PEDESTRIAN_CROSSING
picture-040024.jpg,70_SIGN
picture-997676.jpg,PASS_RIGHT_SIDE
picture-262422.jpg,PASS_RIGHT_SIDE
picture-378823.jpg,50_SIGN
picture-846400.jpg,PRIORITY_ROAD
picture-287568.jpg,50_SIGN
picture-845573.jpg,80_SIGN
picture-242554.jpg,70_SIGN
picture-609579.jpg,PRIORITY_ROAD
picture-212333.jpg,NO_PARKING
picture-836171.jpg,PASS_RIGHT_SIDE
picture-455609.jpg,GIVE_WAY
picture-658680.jpg,100_SIGN
picture-705649.jpg,70_SIGN
picture-295672.jpg,OTHER
picture-400688.jpg,OTHER
picture-591487.jpg,PEDESTRIAN_CROSSING
picture-826873.jpg,OTHER
picture-487773.jpg,OTHER
picture-921084.jpg,30_SIGN
picture-793220.jpg,70_SIGN
picture-213838.jpg,PASS_RIGHT_SIDE
picture-027407.jpg,70_SIGN
picture-366849.jpg,100_SIGN
picture-347922.jpg,90_SIGN
picture-226502.jpg,PEDESTRIAN_CROSSING
picture-814589.jpg,PEDESTRIAN_CROSSING
picture-337868.jpg,PRIORITY_ROAD
picture-928316.jpg,PASS_RIGHT_SIDE
picture-164941.jpg,PEDESTRIAN_CROSSING
picture-859316.jpg,NO_PARKING
picture-345630.jpg,PRIORITY_ROAD
picture-413470.jpg,PRIORITY_ROAD
picture-439718.jpg,PASS_RIGHT_SIDE
picture-570990.jpg,GIVE_WAY
picture-856004.jpg,PEDESTRIAN_CROSSING
picture-441943.jpg,STOP
picture-536248.jpg,PASS_RIGHT_SIDE
picture-381336.jpg,OTHER
picture-308535.jpg,PASS_RIGHT_SIDE
picture-663862.jpg,70_SIGN
picture-234061.jpg,70_SIGN
picture-221627.jpg,PASS_RIGHT_SIDE
picture-412612.jpg,PEDESTRIAN_CROSSING
picture-534054.jpg,100_SIGN
picture-521245.jpg,PEDESTRIAN_CROSSING
picture-089315.jpg,PRIORITY_ROAD
picture-300604.jpg,GIVE_WAY
picture-382849.jpg,GIVE_WAY
picture-105241.jpg,PASS_RIGHT_SIDE
picture-085869.jpg,80_SIGN
picture-776564.jpg,PRIORITY_ROAD
picture-712516.jpg,GIVE_WAY
picture-677182.jpg,NO_PARKING
picture-903644.jpg,GIVE_WAY
picture-266253.jpg,PRIORITY_ROAD
picture-632880.jpg,OTHER
picture-936894.jpg,OTHER
picture-533615.jpg,STOP
picture-978838.jpg,PRIORITY_ROAD
picture-525306.jpg,PEDESTRIAN_CROSSING
picture-078442.jpg,PRIORITY_ROAD
picture-833827.jpg,NO_STOPPING_NO_STANDING
picture-754600.jpg,PRIORITY_ROAD
picture-461393.jpg,OTHER
picture-224294.jpg,PEDESTRIAN_CROSSING
picture-787257.jpg,NO_STOPPING_NO_STANDING
picture-718314.jpg,OTHER
picture-007260.jpg,PASS_RIGHT_SIDE
picture-610543.jpg,GIVE_WAY
picture-597686.jpg,PRIORITY_ROAD
picture-267004.jpg,PEDESTRIAN_CROSSING
picture-130386.jpg,PRIORITY_ROAD
picture-814301.jpg,PRIORITY_ROAD
picture-400442.jpg,50_SIGN
picture-058113.jpg,OTHER
picture-609618.jpg,PASS_RIGHT_SIDE
picture-959476.jpg,30_SIGN
picture-674120.jpg,PEDESTRIAN_CROSSING
picture-216877.jpg,PASS_RIGHT_SIDE
picture-061352.jpg,PASS_RIGHT_SIDE
picture-185219.jpg,OTHER
picture-565027.jpg,PASS_RIGHT_SIDE
picture-034604.jpg,OTHER
picture-258637.jpg,PRIORITY_ROAD
picture-586334.jpg,NO_PARKING
picture-492822.jpg,PEDESTRIAN_CROSSING
